-- phpMyAdmin SQL Dump
-- version 5.2.1
-- https://www.phpmyadmin.net/
--
-- Host: 127.0.0.1
-- Generation Time: Feb 05, 2025 at 12:40 PM
-- Server version: 10.4.28-MariaDB
-- PHP Version: 8.0.28

SET SQL_MODE = "NO_AUTO_VALUE_ON_ZERO";
START TRANSACTION;
SET time_zone = "+00:00";


/*!40101 SET @OLD_CHARACTER_SET_CLIENT=@@CHARACTER_SET_CLIENT */;
/*!40101 SET @OLD_CHARACTER_SET_RESULTS=@@CHARACTER_SET_RESULTS */;
/*!40101 SET @OLD_COLLATION_CONNECTION=@@COLLATION_CONNECTION */;
/*!40101 SET NAMES utf8mb4 */;

--
-- Database: `zeroed`
--

-- --------------------------------------------------------

--
-- Table structure for table `cities`
--

CREATE TABLE `cities` (
  `city_id` int(11) NOT NULL,
  `city_name` varchar(500) NOT NULL
) ENGINE=InnoDB DEFAULT CHARSET=utf8mb4 COLLATE=utf8mb4_general_ci;

--
-- Dumping data for table `cities`
--

INSERT INTO `cities` (`city_id`, `city_name`) VALUES
(1, 'Abbotsford'),
(2, 'Armstrong'),
(3, 'Burnaby'),
(4, 'Campbell River'),
(5, 'Castlegar'),
(6, 'Chilliwack'),
(7, 'City of West Kelowna'),
(8, 'Colwood'),
(9, 'Coquitlam'),
(10, 'Courtenay'),
(11, 'Cranbrook'),
(12, 'Dawson Creek'),
(13, 'Delta'),
(14, 'Duncan'),
(15, 'Enderby'),
(16, 'Fernie'),
(17, 'Fort St. John'),
(18, 'Grand Forks'),
(19, 'Greenwood'),
(20, 'Kamloops'),
(21, 'Kelowna'),
(22, 'Kimberley'),
(23, 'Langford'),
(24, 'Langley'),
(25, 'Maple Ridge'),
(26, 'Merritt'),
(27, 'Nanaimo'),
(28, 'Nelson'),
(29, 'New Westminster'),
(30, 'North Vancouver'),
(31, 'Parksville'),
(32, 'Penticton'),
(33, 'Pitt Meadows'),
(34, 'Port Alberni'),
(35, 'Port Coquitlam'),
(36, 'Port Moody'),
(37, 'Powell River'),
(38, 'Prince George'),
(39, 'Prince Rupert'),
(40, 'Quesnel'),
(41, 'Revelstoke'),
(42, 'Richmond'),
(43, 'Rossland'),
(44, 'Salmon Arm'),
(45, 'Surrey'),
(46, 'Terrace'),
(47, 'Trail'),
(48, 'Vancouver'),
(49, 'Vernon'),
(50, 'Victoria'),
(51, 'White Rock'),
(52, 'Williams Lake'),
(53, 'Airdrie'),
(54, 'Beaumont'),
(55, 'Brooks'),
(56, 'Calgary'),
(57, 'Camrose'),
(58, 'Cold Lake'),
(59, 'Edmonton'),
(60, 'Fort Saskatchewan'),
(61, 'Grande Prairie'),
(62, 'Lacombe'),
(63, 'Leduc'),
(64, 'Lethbridge'),
(65, 'Lloydminster'),
(66, 'Medicine Hat'),
(67, 'Red Deer'),
(68, 'Spruce Grove'),
(69, 'St. Albert'),
(70, 'Wetaskiwin'),
(71, 'Brandon'),
(72, 'Dauphin'),
(73, 'Flin Flon'),
(74, 'Portage la Prairie'),
(75, 'Selkirk'),
(76, 'Steinbach'),
(77, 'Thompson'),
(78, 'Winkler'),
(79, 'Winnipeg'),
(80, 'Bathurst'),
(81, 'Campbellton'),
(82, 'Dieppe'),
(83, 'Edmundston'),
(84, 'Fredericton'),
(85, 'Miramichi'),
(86, 'Moncton'),
(87, 'Saint John'),
(88, 'St. John'),
(89, 'Corner Brook'),
(90, 'Mount Pearl'),
(91, 'Amherst'),
(92, 'Annapolis Royal'),
(93, 'Antigonish'),
(94, 'Berwick'),
(95, 'Bridgewater'),
(96, 'Clark\'s Harbour'),
(97, 'Digby'),
(98, 'Kentville'),
(99, 'Lockeport'),
(100, 'Lunenburg'),
(101, 'Mahone Bay'),
(102, 'Middleton'),
(103, 'Mulgrave'),
(104, 'New Glasgow'),
(105, 'Oxford'),
(106, 'Pictou'),
(107, 'Port Hawkesbury'),
(108, 'Shelburne'),
(109, 'Stellarton'),
(110, 'Stewiacke'),
(111, 'Trenton'),
(112, 'Truro'),
(113, 'Westville'),
(114, 'Wolfville'),
(115, 'Yarmouth'),
(116, 'Barrie'),
(117, 'Belleville'),
(118, 'Brampton'),
(119, 'Brantford'),
(120, 'Brockville'),
(121, 'Burlington'),
(122, 'Cambridge'),
(123, 'Chatham-Kent'),
(124, 'Clarence-Rockland'),
(125, 'Cornwall'),
(126, 'County of Brant'),
(127, 'Dryden'),
(128, 'Elliot Lake'),
(129, 'Grand Sudbury'),
(130, 'Greater Sudbury'),
(131, 'Guelph'),
(132, 'Hamilton'),
(133, 'Kawartha Lakes'),
(134, 'Kenora'),
(135, 'Kingston'),
(136, 'Kitchener'),
(137, 'Lambton Shores'),
(138, 'London'),
(139, 'Mississauga'),
(140, 'Niagara Falls'),
(141, 'North Bay'),
(142, 'Orillia'),
(143, 'Oshawa'),
(144, 'Ottawa'),
(145, 'Owen Sound'),
(146, 'Pembroke'),
(147, 'Peterborough'),
(148, 'Port Colborne'),
(149, 'Prince Edward'),
(150, 'Quinte West'),
(151, 'Sarnia'),
(152, 'Sault Ste. Marie'),
(153, 'St. Catharines'),
(154, 'St. Thomas'),
(155, 'Stratford'),
(156, 'Temiskaming Shores'),
(157, 'Thorold'),
(158, 'Thunder Bay'),
(159, 'Timmins'),
(160, 'Toronto'),
(161, 'Vaughan'),
(162, 'Waterloo'),
(163, 'Welland'),
(164, 'Windsor'),
(165, 'Woodstock'),
(166, 'Charlottetown'),
(167, 'Summerside'),
(168, 'Estevan'),
(169, 'Humboldt'),
(170, 'Lloydminster'),
(171, 'Martensville'),
(172, 'Meadow Lake'),
(173, 'Melfort'),
(174, 'Melville'),
(175, 'Moose Jaw'),
(176, 'North Battleford'),
(177, 'Prince Albert'),
(178, 'Regina'),
(179, 'Saskatoon'),
(180, 'Swift Current'),
(181, 'Warman'),
(182, 'Weyburn'),
(183, 'Yorkton');

-- --------------------------------------------------------

--
-- Table structure for table `countries`
--

CREATE TABLE `countries` (
  `id` int(11) NOT NULL,
  `country_name` varchar(255) NOT NULL,
  `nationality` varchar(255) NOT NULL
) ENGINE=InnoDB DEFAULT CHARSET=utf8mb4 COLLATE=utf8mb4_general_ci;

--
-- Dumping data for table `countries`
--

INSERT INTO `countries` (`id`, `country_name`, `nationality`) VALUES
(1, 'Afghanistan', 'Afghan'),
(2, 'Albania', 'Albanian'),
(3, 'Algeria', 'Algerian'),
(4, 'Andorra', 'Andorran'),
(5, 'Angola', 'Angolan'),
(6, 'Antigua and Barbuda', 'Antiguan or Barbudan'),
(7, 'Argentina', 'Argentine'),
(8, 'Armenia', 'Armenian'),
(9, 'Australia', 'Australian'),
(10, 'Austria', 'Austrian'),
(11, 'Azerbaijan', 'Azerbaijani'),
(12, 'Bahamas', 'Bahamian'),
(13, 'Bahrain', 'Bahraini'),
(14, 'Bangladesh', 'Bangladeshi'),
(15, 'Barbados', 'Barbadian'),
(16, 'Belarus', 'Belarusian'),
(17, 'Belgium', 'Belgian'),
(18, 'Belize', 'Belizean'),
(19, 'Benin', 'Beninese'),
(20, 'Bhutan', 'Bhutanese'),
(21, 'Bolivia', 'Bolivian'),
(22, 'Bosnia and Herzegovina', 'Bosnian or Herzegovinian'),
(23, 'Botswana', 'Motswana'),
(24, 'Brazil', 'Brazilian'),
(25, 'Brunei', 'Bruneian'),
(26, 'Bulgaria', 'Bulgarian'),
(27, 'Burkina Faso', 'Burkinabé'),
(28, 'Burundi', 'Burundian'),
(29, 'Cabo Verde', 'Cape Verdean'),
(30, 'Cambodia', 'Cambodian'),
(31, 'Cameroon', 'Cameroonian'),
(32, 'Canada', 'Canadian'),
(33, 'Central African Republic', 'Central African'),
(34, 'Chad', 'Chadian'),
(35, 'Chile', 'Chilean'),
(36, 'China', 'Chinese'),
(37, 'Colombia', 'Colombian'),
(38, 'Comoros', 'Comorian'),
(39, 'Congo, Democratic Republic of the', 'Congolese (DRC)'),
(40, 'Congo, Republic of the', 'Congolese'),
(41, 'Costa Rica', 'Costa Rican'),
(42, 'Croatia', 'Croatian'),
(43, 'Cuba', 'Cuban'),
(44, 'Cyprus', 'Cypriot'),
(45, 'Czech Republic', 'Czech'),
(46, 'Denmark', 'Danish'),
(47, 'Djibouti', 'Djiboutian'),
(48, 'Dominica', 'Dominican'),
(49, 'Dominican Republic', 'Dominican'),
(50, 'Ecuador', 'Ecuadorian'),
(51, 'Egypt', 'Egyptian'),
(52, 'El Salvador', 'Salvadoran'),
(53, 'Equatorial Guinea', 'Equatorial Guinean'),
(54, 'Eritrea', 'Eritrean'),
(55, 'Estonia', 'Estonian'),
(56, 'Eswatini', 'Swazi'),
(57, 'Ethiopia', 'Ethiopian'),
(58, 'Fiji', 'Fijian'),
(59, 'Finland', 'Finnish'),
(60, 'France', 'French'),
(61, 'Gabon', 'Gabonese'),
(62, 'Gambia', 'Gambian'),
(63, 'Georgia', 'Georgian'),
(64, 'Germany', 'German'),
(65, 'Ghana', 'Ghanaian'),
(66, 'Greece', 'Greek'),
(67, 'Grenada', 'Grenadian'),
(68, 'Guatemala', 'Guatemalan'),
(69, 'Guinea', 'Guinean'),
(70, 'Guinea-Bissau', 'Bissau-Guinean'),
(71, 'Guyana', 'Guyanese'),
(72, 'Haiti', 'Haitian'),
(73, 'Honduras', 'Honduran'),
(74, 'Hungary', 'Hungarian'),
(75, 'Iceland', 'Icelander'),
(76, 'India', 'Indian'),
(77, 'Indonesia', 'Indonesian'),
(78, 'Iran', 'Iranian'),
(79, 'Iraq', 'Iraqi'),
(80, 'Ireland', 'Irish'),
(81, 'Israel', 'Israeli'),
(82, 'Italy', 'Italian'),
(83, 'Jamaica', 'Jamaican'),
(84, 'Japan', 'Japanese'),
(85, 'Jordan', 'Jordanian'),
(86, 'Kazakhstan', 'Kazakhstani'),
(87, 'Kenya', 'Kenyan'),
(88, 'Kiribati', 'I-Kiribati'),
(89, 'Korea, North', 'North Korean'),
(90, 'Korea, South', 'South Korean'),
(91, 'Kuwait', 'Kuwaiti'),
(92, 'Kyrgyzstan', 'Kyrgyzstani'),
(93, 'Laos', 'Lao'),
(94, 'Latvia', 'Latvian'),
(95, 'Lebanon', 'Lebanese'),
(96, 'Lesotho', 'Mosotho'),
(97, 'Liberia', 'Liberian'),
(98, 'Libya', 'Libyan'),
(99, 'Liechtenstein', 'Liechtensteiner'),
(100, 'Lithuania', 'Lithuanian'),
(101, 'Luxembourg', 'Luxembourger'),
(102, 'Madagascar', 'Malagasy'),
(103, 'Malawi', 'Malawian'),
(104, 'Malaysia', 'Malaysian'),
(105, 'Maldives', 'Maldivian'),
(106, 'Mali', 'Malian'),
(107, 'Malta', 'Maltese'),
(108, 'Marshall Islands', 'Marshallese'),
(109, 'Mauritania', 'Mauritanian'),
(110, 'Mauritius', 'Mauritian'),
(111, 'Mexico', 'Mexican'),
(112, 'Micronesia', 'Micronesian'),
(113, 'Moldova', 'Moldovan'),
(114, 'Monaco', 'Monégasque'),
(115, 'Mongolia', 'Mongolian'),
(116, 'Montenegro', 'Montenegrin'),
(117, 'Morocco', 'Moroccan'),
(118, 'Mozambique', 'Mozambican'),
(119, 'Myanmar', 'Burmese'),
(120, 'Namibia', 'Namibian'),
(121, 'Nauru', 'Nauruan'),
(122, 'Nepal', 'Nepali'),
(123, 'Netherlands', 'Dutch'),
(124, 'New Zealand', 'New Zealander'),
(125, 'Nicaragua', 'Nicaraguan'),
(126, 'Niger', 'Nigerien'),
(127, 'Nigeria', 'Nigerian'),
(128, 'North Macedonia', 'Macedonian'),
(129, 'Norway', 'Norwegian'),
(130, 'Oman', 'Omani'),
(131, 'Pakistan', 'Pakistani'),
(132, 'Palau', 'Palauan'),
(133, 'Panama', 'Panamanian'),
(134, 'Papua New Guinea', 'Papua New Guinean'),
(135, 'Paraguay', 'Paraguayan'),
(136, 'Peru', 'Peruvian'),
(137, 'Philippines', 'Filipino'),
(138, 'Poland', 'Polish'),
(139, 'Portugal', 'Portuguese'),
(140, 'Qatar', 'Qatari'),
(141, 'Romania', 'Romanian'),
(142, 'Russia', 'Russian'),
(143, 'Rwanda', 'Rwandan'),
(144, 'Saint Kitts and Nevis', 'Kittitian or Nevisian'),
(145, 'Saint Lucia', 'Saint Lucian'),
(146, 'Saint Vincent and the Grenadines', 'Vincentian'),
(147, 'Samoa', 'Samoan'),
(148, 'San Marino', 'Sammarinese'),
(149, 'Sao Tome and Principe', 'São Toméan'),
(150, 'Saudi Arabia', 'Saudi Arabian'),
(151, 'Senegal', 'Senegalese'),
(152, 'Serbia', 'Serbian'),
(153, 'Seychelles', 'Seychellois'),
(154, 'Sierra Leone', 'Sierra Leonean'),
(155, 'Singapore', 'Singaporean'),
(156, 'Slovakia', 'Slovak'),
(157, 'Slovenia', 'Slovene'),
(158, 'Solomon Islands', 'Solomon Islander'),
(159, 'Somalia', 'Somali'),
(160, 'South Africa', 'South African'),
(161, 'South Sudan', 'South Sudanese'),
(162, 'Spain', 'Spanish'),
(163, 'Sri Lanka', 'Sri Lankan'),
(164, 'Sudan', 'Sudanese'),
(165, 'Suriname', 'Surinamese'),
(166, 'Sweden', 'Swedish'),
(167, 'Switzerland', 'Swiss'),
(168, 'Syria', 'Syrian'),
(169, 'Taiwan', 'Taiwanese'),
(170, 'Tajikistan', 'Tajikistani'),
(171, 'Tanzania', 'Tanzanian'),
(172, 'Thailand', 'Thai'),
(173, 'Timor-Leste', 'Timorese'),
(174, 'Togo', 'Togolese'),
(175, 'Tonga', 'Tongan'),
(176, 'Trinidad and Tobago', 'Trinidadian or Tobagonian'),
(177, 'Tunisia', 'Tunisian'),
(178, 'Turkey', 'Turkish'),
(179, 'Turkmenistan', 'Turkmen'),
(180, 'Tuvalu', 'Tuvaluan'),
(181, 'Uganda', 'Ugandan'),
(182, 'Ukraine', 'Ukrainian'),
(183, 'United Arab Emirates', 'Emirati'),
(184, 'United Kingdom', 'British'),
(185, 'United States', 'American'),
(186, 'Uruguay', 'Uruguayan'),
(187, 'Uzbekistan', 'Uzbekistani'),
(188, 'Vanuatu', 'Ni-Vanuatu'),
(189, 'Vatican City', 'Vatican'),
(190, 'Venezuela', 'Venezuelan'),
(191, 'Vietnam', 'Vietnamese'),
(192, 'Yemen', 'Yemeni'),
(193, 'Zambia', 'Zambian'),
(194, 'Zimbabwe', 'Zimbabwean'),
(195, 'Côte d\'Ivoire (Ivory Coast)', 'Ivorian'),
(196, 'Holy See', 'Nuncios'),
(197, 'Palestine State', 'Palestinians');

-- --------------------------------------------------------

--
-- Table structure for table `field_of_study`
--

CREATE TABLE `field_of_study` (
  `field_study_id` int(11) NOT NULL,
  `field_study` varchar(500) NOT NULL
) ENGINE=InnoDB DEFAULT CHARSET=utf8mb4 COLLATE=utf8mb4_general_ci;

--
-- Dumping data for table `field_of_study`
--

INSERT INTO `field_of_study` (`field_study_id`, `field_study`) VALUES
(2, 'B.Tech - Biochemical Engineering'),
(3, 'B Tech Textile Engineering'),
(4, 'B.Tech - Ceramic Engineering'),
(5, 'B.Tech - Instrumentation Engineering'),
(6, 'B.Tech - Mechatronics Engineering'),
(7, 'B.Tech - Telecommunication Engineering'),
(8, 'B.Tech - Automobile Engineering'),
(9, 'B.Tech - Production Engineering'),
(10, 'B.Tech - Mining Engineering'),
(11, 'B.Tech - Genetic Engineering'),
(12, 'Masters of Computer Management'),
(13, 'Bachelor of Education'),
(14, 'Bachelor of Visual Communication'),
(15, 'Bachelor of Design'),
(16, 'Bachelor of Financial Markets'),
(17, 'Bachelor of Science'),
(18, 'B.Sc Actuarial Sciences'),
(19, 'BSc Agriculture'),
(20, 'Acting and Film-making'),
(21, 'BSc in Anthropology'),
(22, 'B.Sc - Electronics'),
(23, 'B.Sc - Geology'),
(24, 'BSc Horticulture'),
(25, 'BSc in Microbiology'),
(26, 'BSc in Zoology'),
(27, 'Bachelor of Physical Education'),
(28, 'Bachelor of Audiology & Speech Language Pathology'),
(29, 'Master of Law'),
(30, 'LL.M - Criminal Law'),
(31, 'LL.M - Cyber Law'),
(32, 'LL.M - International Law'),
(33, 'LL.M - Labour Law'),
(34, 'Bachelor of Medicine and Bachelor of Surgery'),
(35, 'Bachelor of Naturopathy and Yogic Sciences'),
(36, 'Bachelor of Science BSc Optometry'),
(37, 'Bachelor of Paramedical Technology'),
(38, 'Bachelor of Veterinary Science'),
(39, 'MBA'),
(40, 'Bachelors of Occupational Therapy'),
(41, 'General Nursing and Midwifery'),
(42, 'MBA - Technology Management'),
(43, 'MBA - Natural Resource Management'),
(44, 'BSc Forensic Science'),
(45, 'BSc in Life Sciences'),
(46, 'B.Sc - Genetics'),
(47, 'MSc Geoinformatics'),
(48, 'MBA - Communication Management'),
(49, 'MBA - Environmental Management'),
(50, 'MBA in International Business'),
(51, 'MBA - Media Management'),
(52, 'MBA - Systems Management'),
(53, 'MBA - Rural Development Management'),
(54, 'MBA - Healthcare & Hospital Management'),
(55, 'B.Sc - Statistics'),
(56, 'BSc Home Science'),
(57, 'BSc Computer Science'),
(58, 'Bachelor of Banking & Insurance'),
(59, 'MBA - Retail Management'),
(60, 'Bachelor of Medical Laboratory Technology'),
(61, 'MBA - Logistics and Supply Chain Management'),
(62, 'Bachelor of Management Studies'),
(63, 'MBA - Sports Management'),
(64, 'MBA - Sales Management'),
(65, 'Bachelor of Hotel Management & Catering Technology'),
(66, 'Bachelor of Business Administration'),
(67, 'BA LLB'),
(68, 'PGP - Tax Management'),
(69, 'Bachelor of Elementary Education'),
(70, 'MBA - Materials Management'),
(71, 'MBA - Operations Management'),
(72, 'B.Sc LLB'),
(73, 'Bachelors of Commerce and Bachelor of Legislative Law'),
(74, 'BBA LLB'),
(75, 'Master of Education'),
(76, 'Bachelor of Fine Arts'),
(77, 'Bachelor of Multimedia Communication'),
(78, 'B.A. - Public Administration'),
(79, 'Bachelor of Mass Communication'),
(80, 'Bachelor of Mass Media'),
(81, 'Basic Training Certificate'),
(82, 'Masters in Journalism and Mass Communication'),
(83, 'Master of Mass Communication'),
(84, 'M.A. - Public Administration'),
(85, 'Radio Jockey'),
(86, 'Advertising'),
(87, 'MBA Project Management'),
(88, 'MBA - Risk Management'),
(89, 'MBA - Sustainable Management'),
(90, 'Textile Designing'),
(91, 'MBA - Customer Relationship Management'),
(92, 'M.Sc - Oceanography'),
(93, 'Data Management/ Data Analysis'),
(94, 'M.Sc - Marine Biology'),
(95, 'B.Sc - Biological Sciences'),
(96, 'M.Sc - Astrology'),
(97, 'Bachelor of Computer Applications'),
(98, 'MBA - Industrial Management'),
(99, 'MBA - Power Management'),
(100, 'MBA - Business Process Management'),
(101, 'B.Sc - Environmental Sciences'),
(102, 'Master of Arts'),
(103, 'MBA - Consultancy Management'),
(104, 'Master of Science'),
(105, 'Astrophysics'),
(106, 'Bachelor of Unani Medicine & Surgery'),
(107, 'B.Des - Industrial Design'),
(108, 'Bachelor of Journalism & Mass Communication'),
(109, 'Bachelor of Ayurveda Medical and Surgery'),
(110, 'Bachelor of Fisheries Science'),
(111, 'Bachelor of Homeopathic Medicine & Surgery'),
(112, 'B Pharma'),
(113, 'BSc in Forestry'),
(114, 'Master of Computer Applications'),
(115, 'Fashion Photography'),
(116, 'MBA - Design Management'),
(117, 'M.Sc - Information Technology'),
(118, 'B.Tech - Civil Engineering'),
(119, 'Bachelor of Dental Surgery'),
(120, 'Bachelor of Physiotherapy'),
(121, 'BSc Radiotherapy'),
(122, 'Bachelor of Social Work'),
(123, 'B.Sc - Medical Laboratory Technology'),
(124, 'Bachelor of Fashion Technology'),
(125, 'Bachelor of Architecture'),
(126, 'B.Tech - Mechanical Engineering'),
(127, 'B.Tech Aeronautical Engineering'),
(128, 'B.Tech Aerospace Engineering'),
(129, 'Web Designing'),
(130, 'B.Tech - Electrical Engineering'),
(131, 'B.Tech - Marine Engineering'),
(132, 'MBA - Hospitality Management'),
(133, 'MBA - Agri Business Management'),
(134, 'Post Graduate Diploma in Management'),
(135, 'Master of Technology'),
(136, 'MBA - Finance Management'),
(137, 'Interior Designing'),
(138, 'Company Secretary'),
(139, 'Chartered Financial Analyst'),
(140, 'Bachelor of Fashion and Apparel Design'),
(141, 'Jewellery Designing'),
(142, 'Graphic Designing'),
(143, 'Auxiliary Nursing and Midwifery'),
(144, 'Master of Fine Arts'),
(145, 'Chartered Accountancy'),
(146, 'Cyber Security & Ethical Hacking'),
(147, 'Animation'),
(148, 'Bachelor of Tourism and Management'),
(149, 'MBA - Fashion Management'),
(150, 'Actuarial Science'),
(151, 'B Com Honours'),
(152, 'Event Management'),
(153, 'Bachelor of Law'),
(154, 'Bachelor of Library Science'),
(155, 'Aviation'),
(156, 'Journalism'),
(157, 'Pilot Training'),
(158, 'Banking Courses'),
(159, 'MBA in HR'),
(160, 'Nutrition & Dietetics'),
(161, 'MBA - Investment Management'),
(162, 'B.Tech - Food Processing Technology'),
(163, 'B.Tech - Software Engineering'),
(164, 'LL.M - Corporate Law'),
(165, 'Merchant Navy'),
(166, 'B.Tech - Petroleum Engineering'),
(167, 'Bachelor of Hotel Management'),
(168, 'Archaeology'),
(169, 'B.Tech - Material Science and Metallurgical Engineering'),
(170, 'Master of Tourism Management'),
(171, 'Masters of Tourism Administration'),
(172, 'Master of Commerce'),
(173, 'Master of Hotel Management'),
(174, 'Pharm D (Doctor of Pharmacy)'),
(175, 'Master of Pharmacy'),
(176, 'Masters of Business Economics'),
(177, 'Masters of Finance & Control'),
(178, 'Master of Business Law'),
(179, 'Master of Public Health'),
(180, 'Banking Law'),
(181, 'Photography'),
(182, 'MPhil'),
(183, 'AutoCAD'),
(184, 'Master of Financial Management'),
(185, 'Bachelor of Accounting & Finance'),
(186, 'B.Sc - Biochemistry'),
(187, 'Air Hostess/ Cabin Crew Courses'),
(188, 'Beautician & Make-up Courses'),
(189, 'VFX & Animation Courses'),
(190, 'Master of Social Work'),
(191, 'Diplomate of National Board'),
(192, 'Master of Physical Education'),
(193, 'Master of Physiotherapy'),
(194, 'Master of Prosthetics & Orthotics'),
(195, 'Master of Occupational Therapy'),
(196, 'Master of Chirurgiae - Super Speciality Course in Surgery/ Surgical Oncology'),
(197, 'Computer Hardware Courses'),
(198, 'D Pharma'),
(199, 'Master of Surgery'),
(200, 'Bartending Courses'),
(201, 'Fashion Styling'),
(202, 'Master of Design'),
(203, 'Master of Health/Hospital Administration'),
(204, 'Master of Dental Surgery'),
(205, 'MBA in Biotechnology'),
(206, 'MBA in Pharmaceutical Management'),
(207, 'MBA in Construction Management'),
(208, 'MBA in Tourism Management'),
(209, 'MBA in Foreign Trade'),
(210, 'MBA in Statistics'),
(211, 'MBA in Airline and Airport Management'),
(212, 'MBA in Education Management'),
(213, 'MBA in E-Commerce'),
(214, 'MBA in Marketing'),
(215, 'MBA in Aviation Management'),
(216, 'MBA in Business Analytics'),
(217, 'MBA - Information Technology'),
(218, 'MBA in Entrepreneurship'),
(219, 'MBA in Computer Science'),
(220, 'Bachelor of Commerce'),
(221, 'Bachelor of Engineering'),
(222, 'B.Tech in Computer Science'),
(223, 'Executive MBA'),
(224, 'Bachelor of Company Law'),
(225, 'MSc in Computer Science'),
(226, 'BSc in Information Technology'),
(227, 'MA in English'),
(228, 'M.A. in Psychology'),
(229, 'Diploma in Nursery Teacher Training'),
(230, 'BA in English'),
(231, 'Master of Veterinary Science'),
(232, 'BSc in Physics'),
(233, 'BSc Chemistry'),
(234, 'BSc in Biotechnology'),
(235, 'B.A. in Psychology'),
(236, 'B.Sc in Psychology'),
(237, 'Post Basic B.Sc Nursing'),
(238, 'M.Sc in Agriculture'),
(239, 'Bachelor of Library and Information Science'),
(240, 'B.V. Sc. in Veterinary Surgery & Radiology'),
(241, 'MA Economics'),
(242, 'MSc Psychology'),
(243, 'BBA in Aviation'),
(244, 'Biotechnology Engineering'),
(245, 'BV. Sc. in Animal Production & Management'),
(246, 'LL.B. Honours'),
(247, 'B.Tech LL.B.'),
(248, 'LL. M in Human Rights'),
(249, 'M.Phil in Law'),
(250, 'Criminal Law'),
(251, 'Civil Law'),
(252, 'BSc Nursing'),
(253, 'MBA in Corporate Social Responsibility'),
(254, 'B.Plan'),
(255, 'Bachelor of Sidhha Medicine and Surgery'),
(256, 'MBA in Disaster Management'),
(257, 'MBA in Operation Management'),
(258, 'Bachelor of Arts in Visual Communication'),
(259, 'Master of Planning'),
(260, 'Bachelor of Business Studies'),
(261, 'Doctor of Medicine'),
(262, 'B.Sc. Mathematics'),
(263, 'Master of Optometry'),
(264, 'Bachelor of Public Health'),
(265, 'Master of Architecture'),
(266, 'Bachelor of Foreign Trade'),
(267, 'M.S. in Ayurveda'),
(268, 'MBA in Energy and Environment'),
(269, 'M.Sc. Nursing'),
(270, 'B.Sc Cardiac Care Technology'),
(271, 'Doctorate of Medicine'),
(272, 'B.Sc Botany'),
(273, 'MD in Anaesthesiology'),
(274, 'BSc Information Technology'),
(275, 'B.Sc Ophthalmic Technology'),
(276, 'Bachelor of Visual Arts'),
(277, 'Diploma in Special Education'),
(278, 'B.Ed in Special Education'),
(279, 'Bachelor of Vocational Education'),
(280, 'Corporate Law'),
(281, 'Master of Fashion Management'),
(282, 'BBA+MBA'),
(283, 'Master in Fashion Technology'),
(284, 'Cyber Law'),
(285, 'Furniture Design'),
(286, 'Labour Law'),
(287, 'Master of Finance and Accounting'),
(288, 'Bachelor in Hospital Administration'),
(289, 'B.Sc Dialysis Therapy'),
(290, 'Administrative Law'),
(291, 'Fashion Communication'),
(292, 'BBA in Tourism Management'),
(293, 'Master of Tourism and Hotel Management'),
(294, 'PG Diploma in Hospital Management'),
(295, 'Masters in Engineering'),
(296, 'B.A. B.Ed'),
(297, 'BSc BEd'),
(298, 'B.Ed in Commerce'),
(299, 'Intellectual Property Law'),
(300, 'Master of Management Studies'),
(301, 'Tax Law'),
(302, 'Master of Planning'),
(303, 'Bachelor of Sports Management'),
(304, 'BCA+MCA'),
(305, 'B.Pharm + MBA Integrated'),
(306, 'B.Ed in Accountancy'),
(307, 'B.A. Sociology'),
(308, 'B.A. Philosophy'),
(309, 'B.Ed Biology'),
(310, 'M.Sc Applied Mathematics'),
(311, 'BBA in Airport Management'),
(312, 'B.Tech Information Technology'),
(313, 'Masters in Urban and Rural Planning'),
(314, 'BBA in Event Management'),
(315, 'B.Sc Visual Communication'),
(316, 'Diploma in Elementary Education'),
(317, 'B.A. Rural Development'),
(318, 'M.Sc Horticulture'),
(319, 'Visual Merchandising'),
(320, 'MBA - Actuarial Science'),
(321, 'B.Ed Special Education'),
(322, 'M.A. Rural Development'),
(323, 'B.Sc Respiratory Therapy'),
(324, 'BBA in Digital Marketing'),
(325, 'Industrial Design'),
(326, 'B.A. Political Science'),
(327, 'B.Sc Nutrition'),
(328, 'M.A. Political Science'),
(329, 'BBA in Media Management'),
(330, 'M.Tech Mining Engineering'),
(331, 'MSc in Zoology'),
(332, 'B.A. Astrology'),
(333, 'BA in Culinary Arts'),
(334, 'M.Tech Computer Science'),
(335, 'M.Sc Botany'),
(336, 'Bachelor of Catering Technology & Culinary Arts'),
(337, 'B.Sc. in Occupational Therapy'),
(338, 'B.A. Ancient History'),
(339, 'M.Tech Electrical Engineering'),
(340, 'MSc in Microbiology'),
(341, 'MBA in Event Management'),
(342, 'M.Tech in Civil Engineering'),
(343, 'B.A. Education'),
(344, 'MSc Chemistry'),
(345, 'BBA in Marketing'),
(346, 'B.A. Bengali'),
(347, 'M.Tech in Electronics and Communications Engineering'),
(348, 'BBA in Finance'),
(349, 'MSc Physics'),
(350, 'B.A. Telugu'),
(351, 'B Tech Food Technology'),
(352, 'BBA Banking and Insurance'),
(353, 'M.Sc Food Technology'),
(354, 'B.Sc Fashion Design'),
(355, 'B.Com Taxation'),
(356, 'B.A. Hindi'),
(357, 'B.Tech Electronics and Communications Engineering'),
(358, 'BBA in Foreign Trade'),
(359, 'B.Com in Banking and Insurance'),
(360, 'MSc Biotechnology'),
(361, 'MBA in Data Analytics'),
(362, 'B.Sc in Graphic Design'),
(363, 'B.Com in Bank Management'),
(364, 'B.A. Tamil'),
(365, 'B.Tech Plastic Engineering'),
(366, 'Gemology'),
(367, 'B.Sc. in Neurophysiology Technology'),
(368, 'BBA in Hospital Management'),
(369, 'BBA in Retail Management'),
(370, 'M.Sc Electronics'),
(371, 'B.Com in Information Technology'),
(372, 'Diploma in Gynaecology and Obstetrics'),
(373, 'Bachelor in Business Economics'),
(374, 'M.A. History'),
(375, 'BBA in International Business'),
(376, 'M.Com in Finance'),
(377, 'M.Pharm in Pharmaceutics'),
(378, 'B.Tech Industrial Engineering'),
(379, 'BBA Accounting'),
(380, 'B.A. History'),
(381, 'MSc Environmental Science'),
(382, 'B.Sc Interior Design'),
(383, 'B.Tech Chemical Engineering'),
(384, 'Diploma in Health Inspector'),
(385, 'BBA in Information Technology'),
(386, 'B.Com Travel and Tourism Management'),
(387, 'B.A. Malayalam'),
(388, 'B.Sc Biomedical Science'),
(389, 'B.Com in Management Studies'),
(390, 'B.A. Kannada'),
(391, 'BBA in Business Economics'),
(392, 'B.Tech Agricultural Engineering'),
(393, 'MBA in Interior Design'),
(394, 'B.Com in Taxation and Finance'),
(395, 'B.Sc Game Designing and Development'),
(396, 'M.Tech Chemical Engineering'),
(397, 'MBA in Safety Management'),
(398, 'B.A. French'),
(399, 'Diploma in Physiotherapy'),
(400, 'B.Tech Biomedical Engineering/ Technology'),
(401, 'B.Sc Immunology'),
(402, 'B.Com Economics'),
(403, 'Commercial Law'),
(404, 'B.Com Co-operation'),
(405, 'B.Ed in Physical Science'),
(406, 'M.A. International Relations'),
(407, 'MBA in Advertising Management'),
(408, 'M.Pharm Pharmaceutical Analysis'),
(409, 'MMS in Marketing'),
(410, 'MBA in Infrastructure Management'),
(411, 'M.Sc. in Medical-Surgical Nursing'),
(412, 'Ceramic Design'),
(413, 'Bachelor of Business Management'),
(414, 'M.Sc in Child Health Nursing'),
(415, 'BBA in HR'),
(416, 'B.Des in Knitwear Design'),
(417, 'M.Sc in Maternity Nursing'),
(418, 'Post Basic Diploma in Operation Room Nursing'),
(419, 'BBA in Sports Management'),
(420, 'B.Des in Animation'),
(421, 'M.Phil in Nursing'),
(422, 'B.Tech Artificial Intelligence'),
(423, 'M.Tech Textile Engineering'),
(424, 'Diploma in Automobile Engineering'),
(425, 'M.Sc in Paediatric Nursing'),
(426, 'Master of Applied Management'),
(427, 'B.Sc Medical Sociology'),
(428, 'Diploma in Jewellery Design'),
(429, 'Diploma in Textile Design'),
(430, 'Diploma in Dental Hygienist'),
(431, 'Certificate Course in Fashion Design'),
(432, 'Certificate Course in Interior Design'),
(433, 'Diploma in Civil Engineering'),
(434, 'Diploma in Mechanical Engineering'),
(435, 'B.Tech Data Science'),
(436, 'Master of Information Management'),
(437, 'Master of International Business'),
(438, 'M.Pharm in Pharmacognosy'),
(439, 'BA in Graphic Design'),
(440, 'Diploma in Apparel Merchandising'),
(441, 'MBA in Textile Management'),
(442, 'Medical Transcription'),
(443, 'MBA in Brand Management'),
(444, 'Diploma in Electrical Engineering'),
(445, 'MBA in Dairy Management'),
(446, 'Diploma in Computer Science Engineering'),
(447, 'Post Graduate Diploma in Fashion Designing'),
(448, 'Diploma in Engineering'),
(449, 'Media Law'),
(450, 'B.Pharm Hons.'),
(451, 'MBA in Telecom Management'),
(452, 'Post Graduate Diploma in Interior Designing'),
(453, 'M.A. in Textile Designing'),
(454, 'MBA in Oil and Gas Management'),
(455, 'Maritime Law'),
(456, 'Environmental Law'),
(457, 'Certificate in CAD'),
(458, 'Diploma in Mining Engineering'),
(459, 'Diploma in Chemical Engineering'),
(460, 'Diploma in Petroleum Engineering'),
(461, 'MBA in Service Management'),
(462, 'B.Com Applied Economics'),
(463, 'B.Sc in Fashion Technology'),
(464, 'Diploma in Textile Engineering'),
(465, 'Diploma in Ceramic Engineering'),
(466, 'M.Com International Business'),
(467, 'Diploma in Plastic Engineering'),
(468, 'Diploma in Metallurgical Engineering'),
(469, 'Diploma in Agriculture'),
(470, 'M.Sc Home Science'),
(471, 'B.Pharm Unani'),
(472, 'Competition Law'),
(473, 'B.Com Business Economics'),
(474, 'M.Com in Business Studies'),
(475, 'M.Tech in Food Technology'),
(476, 'MBA in Public Policy Management'),
(477, 'MPT Biomechanics'),
(478, 'Diploma in Interior Design'),
(479, 'Diploma in Animal husbandry'),
(480, 'BBA in Healthcare Management'),
(481, 'B.Com Foreign Trade Management'),
(482, 'B.Sc in Animation'),
(483, 'ITI Course in Pump Operator cum Mechanic'),
(484, 'ITI Course in Diesel Mechanic'),
(485, 'B.Com E-Commerce'),
(486, 'ITI Course/Trade in Fitter'),
(487, 'MBA in Capital Markets'),
(488, 'ITI Course/Trade in Mechanic Motor Vehicle'),
(489, 'Fashion Illustration'),
(490, 'ITI Course/Trade in Refrigeration and Air Conditioning'),
(491, 'ITI Course/Trade in Secretarial Practice'),
(492, 'MBA in Hospital Administration'),
(493, 'Diploma in Horticulture'),
(494, 'M.Pharm Pharmaceutical Biotechnology'),
(495, 'Air and Space Law'),
(496, 'Post Graduate Program in Management'),
(497, 'ITI Course/Trade in Turner'),
(498, 'Interaction Design'),
(499, 'MBA in Banking and Insurance'),
(500, 'Consumer Law'),
(501, 'MBA in Digital Marketing'),
(502, 'Interior Architecture'),
(503, 'B.Com in Sales and Marketing'),
(504, 'Integrated M.Sc in Data Science'),
(505, 'Transportation Design'),
(506, 'Post Graduate Diploma in Hospital and Health Management'),
(507, 'Diploma in Dialysis Technician'),
(508, 'B.Com in Advanced Accountancy'),
(509, 'B.Com in Advertising and Brand Management'),
(510, 'Master of Commerce in Statistics'),
(511, 'Landscape Design'),
(512, 'MBA in Business Law'),
(513, 'BA Hons. Economics'),
(514, 'Toy Design'),
(515, 'Fashion PR'),
(516, 'BBA in Risk Management'),
(517, 'Exhibition Design'),
(518, 'BBA in Industrial Management'),
(519, 'MBA in Accounting'),
(520, 'Diploma in Anaesthesia'),
(521, 'Fashion Journalism'),
(522, 'M.Pharm in Clinical Practice and Research'),
(523, 'Diploma in Hearing Language and Speech'),
(524, 'BBA in Information Systems Management'),
(525, 'Diploma in Banking and Finance'),
(526, 'BBA in Business Analytics'),
(527, 'PGD in Culinary Arts'),
(528, 'M.Com in HR'),
(529, 'B.Com in HR Management'),
(530, 'Diploma in Nursing Care Assistant'),
(531, 'Diploma in Homeopathic Medicine & Surgery'),
(532, 'BBA in E-Commerce'),
(533, 'Retail Design'),
(534, 'Diploma in X-Ray Technology'),
(535, 'PGD in Travel and Tourism Management'),
(536, 'B. Voc in Hotel Management'),
(537, 'M.Tech Data Science'),
(538, 'Garment Technology'),
(539, 'B.Sc. Nuclear Medicine Technology'),
(540, 'BBA in Computer Application'),
(541, 'M.Pharm Industrial Pharmacy'),
(542, 'B.Sc Sericulture'),
(543, 'MBA in Shipping and Logistics'),
(544, 'M.Com Computer Applications'),
(545, 'BBA in Logistics and Supply Chain Management'),
(546, 'M.Tech Geoinformatics'),
(547, 'Diploma in Advanced Accounting'),
(548, 'Diploma in Ophthalmic Technology'),
(549, 'M.Tech Genetic Engineering'),
(550, 'PG Diploma in Supply Chain and Logistics Management'),
(551, 'Postgraduate Diploma in Bank Management'),
(552, 'Diploma in Computerised Accounting'),
(553, 'M.Sc Sericulture'),
(554, 'M.Sc Organic Chemistry'),
(555, 'BSc in Hospitality and Hotel Administration'),
(556, 'B.Sc Hons Agri-Business Management'),
(557, 'M.Tech Computer Science Engineering'),
(558, 'Fashion Marketing'),
(559, 'BSc in Culinary Arts'),
(560, 'B.Sc Hydrology'),
(561, 'M.Sc Hydrology'),
(562, 'MSc Data Science'),
(563, 'Diploma in Naturopathy'),
(564, 'BSc in Airlines & Airport Management'),
(565, 'B.Sc in Travel & Tourism Management'),
(566, 'MSc in Tourism and Hospitality Management'),
(567, 'B.Sc Analytical Chemistry'),
(568, 'M.Tech in Wireless Communication/ Network'),
(569, 'M.Sc Virology'),
(570, 'Association of Chartered Certified Accountants'),
(571, 'PGD in Hotel Management'),
(572, 'PG Diploma in Event Management'),
(573, 'PG Diploma in Accommodation Operation and Management'),
(574, 'Diploma in Journalism and Mass Communication'),
(575, 'MBA in Hotel Management'),
(576, 'B.Sc in Yoga'),
(577, 'Diploma in Broadcast Journalism'),
(578, 'BBA in Hotel Management'),
(579, 'MBA in Business Management'),
(580, 'MBA in Information System Management'),
(581, 'MBA in Air Travel Management'),
(582, 'Footwear Design'),
(583, 'MBA in Real Estate Management'),
(584, 'BBA in Real Estate and Urban Infrastructure'),
(585, 'B.Com Vocational'),
(586, 'PGD in Taxation'),
(587, 'PG Diploma in Media and Mass Communication'),
(588, 'B.Sc in Radiology'),
(589, 'Diploma in Rural Health Care'),
(590, 'Bachelor of Arts in Journalism'),
(591, 'Apparel Production'),
(592, 'Diploma in Optometry Technology'),
(593, 'B.Sc in Physician Assistant'),
(594, 'B.Voc. Healthcare Management'),
(595, 'M.Tech in Structural Engineering'),
(596, 'Diploma in Operation Theatre Technology'),
(597, 'M.Tech in Geo Technical Engineering'),
(598, 'PGD in Law'),
(599, 'Diploma in Clinical Pathology'),
(600, 'Executive PGDM'),
(601, 'PGD in Financial Management'),
(602, 'Augmented Reality Design'),
(603, 'Post Graduate Programme in Human Resource Management'),
(604, 'Energy Law'),
(605, 'PGDM in International Business'),
(606, 'BA Hons Business Economics'),
(607, 'PGDM in HRM'),
(608, 'PG Diploma in Business Management'),
(609, 'M.Sc in Animation'),
(610, 'Post Graduate Diploma in Management in Marketing'),
(611, 'Bachelor of Textile'),
(612, 'M.Sc in Medical Laboratory Technology'),
(613, 'PG Diploma in Textile Design'),
(614, 'BBA in Materials Management'),
(615, 'MA in Travel and Tourism'),
(616, 'PGDM in Operations Management'),
(617, 'Diploma in Graphic Design'),
(618, 'Post Graduate Diploma in Graphic Design'),
(619, 'B.A. Interior Design'),
(620, 'PGDM in Business Analytics'),
(621, 'B.Sc in Animation and Multimedia'),
(622, 'Post Graduate Programme in Agri-Business Management'),
(623, 'M.Sc Textile Design'),
(624, 'M.Sc Interior Design'),
(625, 'Post Graduate Programme in Enterprise Management'),
(626, 'B.Sc in Physiotherapy'),
(627, 'BBM International Business'),
(628, 'Post Graduate Programme in Business Management'),
(629, 'Post Graduate Diploma in Corporate Law'),
(630, 'BSc in Physiology'),
(631, 'BBM in Human Resource Management'),
(632, 'B.Sc in Critical Care Technology'),
(633, 'PG Diploma in Human Rights Law'),
(634, 'Post Graduate Diploma in Cyber Law'),
(635, 'Diploma in Dietetics'),
(636, 'Doctor of Philosophy'),
(637, 'Diploma in Architecture'),
(638, 'Master of Arts in Archaeology'),
(639, 'Masters of Technology in Biotechnology'),
(640, 'Bachelor of Technology in Railway Engineering'),
(641, 'Fares & Ticketing'),
(642, 'Masters of Technology in Cyber Security'),
(643, 'Masters of Technology in Information Technology'),
(644, 'Masters of Technology Mechanical Engineering'),
(645, 'Masters of Technology Environmental Technology'),
(646, 'Bachelor of Technology Thermal Engineering'),
(647, 'Bachelor of Technology Dairy Technology'),
(648, 'Mechanical Engineering Courses'),
(649, 'Computer Science Engineering Courses'),
(650, 'Electronics and Communication Engineering'),
(651, 'Architecture Courses'),
(652, 'B.Des in Interior Design'),
(653, 'Textile Engineering Courses'),
(654, 'Aerospace Engineering Courses'),
(655, 'Agriculture'),
(656, 'Data Science'),
(657, 'Automobile Engineering'),
(658, 'Catering Courses'),
(659, 'Aeronautical Engineering'),
(660, 'BBA in Hotel and Tourism Management'),
(661, 'Bachelor of Science in Fashion and Apparel Design'),
(662, 'Marine Engineering'),
(663, 'Bachelor of Tourism and Travel Management'),
(664, 'Ceramic Engineering'),
(665, 'Telecommunication Engineering Courses'),
(666, 'Company Law'),
(667, 'Bachelor of Design in Communication Design'),
(668, 'Planning Courses'),
(669, 'Bachelors in Media Animation & Design'),
(670, 'Diploma in Architectural Assistantship'),
(671, 'Bachelor of Hospitality Management'),
(672, 'M.Sc Fashion Technology'),
(673, 'Culinary Arts Courses'),
(674, 'M.Sc Fashion Design'),
(675, 'BHM in Culinary Arts'),
(676, 'B.Des in Fashion Communication'),
(677, 'Travel and Tourism Management Courses'),
(678, 'Food and Beverage Services Courses'),
(679, 'B.Sc in Anaesthesia Technology'),
(680, 'BSW LLB'),
(681, 'Game Designing and Development Courses'),
(682, 'BFA Textile Design'),
(683, 'Diploma in Medical Laboratory Technology'),
(684, 'BFA Graphics'),
(685, 'BSc Food Technology'),
(686, 'Airport Management Courses'),
(687, 'PG Diploma in Hospitality Management'),
(688, 'M.Des in Graphic Design'),
(689, 'M.A. Geography'),
(690, 'Master of Arts in Education'),
(691, 'B.A. Economics'),
(692, 'Master of Science in Applied Geology'),
(693, 'BA Convergent Journalism'),
(694, 'Master of Arts in Convergent Journalism'),
(695, 'B.Sc (Hons) in Community Science'),
(696, 'Master of Science in Atmospheric Sciences'),
(697, 'ITI Course in Draughtsman (Mechanical)'),
(698, 'B.Des Product Design'),
(699, 'Master of Science in Mathematics'),
(700, 'Master of Science in Life Sciences'),
(701, 'B.Des in Graphic Design'),
(702, 'Master of Science in Astronomy'),
(703, 'ITI Course in Draughtsman (Civil)'),
(704, 'ITI Course in Footwear Maker'),
(705, 'ITI Course in Dress Making'),
(706, 'Master of Science in Analytical Chemistry'),
(707, 'ITI Course in Information Technology'),
(708, 'MA Hindi'),
(709, 'ITI Course in Tool and Die Maker'),
(710, 'ITI Course in Machinist'),
(711, 'M.A. Public Policy'),
(712, 'Bachelor of Arts'),
(713, 'Master of Science in Forensic Science'),
(714, 'ITI Course in Hair and Skin Care'),
(715, 'ITI Course in Fruit and Vegetable Processor'),
(716, 'M.Des in Fashion Designing'),
(717, 'ITI Course in Bleaching Dyeing and Calico Printing'),
(718, 'ITI Course in Electrician'),
(719, 'M.A. Marathi'),
(720, 'M. Des in Interior Designing'),
(721, 'ITI Course in Leather Goods Maker'),
(722, 'ITI Course in Hand Compositor'),
(723, 'ITI Course in Instrument Mechanic'),
(724, 'BA Geography'),
(725, 'M.Des in Communication Design'),
(726, 'M. Des in Industrial Designing'),
(727, 'ITI Course in Electronic Mechanic'),
(728, 'PGD in Rural Development'),
(729, 'ITI Course in Surveyor'),
(730, 'BSc (Hons) in Physics'),
(731, 'MDes in Textile Design'),
(732, 'BSc (Hons.) Zoology'),
(733, 'BSc in Nautical Science'),
(734, 'BSc Hons. in Computer Science'),
(735, 'BSc Geography'),
(736, 'Computer Science'),
(737, 'Cosmetology'),
(738, 'PhD Food Technology'),
(739, 'Teacher Training'),
(740, 'Nursing'),
(741, 'PG Diploma in Food Technology'),
(742, 'Diploma Courses'),
(743, 'PGDCA Course'),
(744, 'Pharmacy Courses'),
(745, 'Diploma in Fashion Designing'),
(746, 'Software Engineering'),
(747, 'Designing Course'),
(748, 'Bachelor of Engineering in Computer Science'),
(749, 'Bachelor of Engineering BE Computer Engineering'),
(750, 'Diploma in Computer Application'),
(751, 'Medical Laboratory Technology'),
(752, 'Vocational Courses'),
(753, 'Radiology Courses'),
(754, 'BSc Hons'),
(755, 'Digital Marketing Course'),
(756, 'Diploma in Education'),
(757, 'Paramedical Courses'),
(758, 'Computer Courses'),
(759, 'CFP Certified Financial Planner'),
(760, 'Law'),
(761, 'Tally Course'),
(762, 'Hotel Management Course'),
(763, 'IT Courses'),
(764, 'Hospital Management'),
(765, 'Certified Public Accounting'),
(766, 'Civil Engineering'),
(767, 'Aerospace Engineering'),
(768, 'Electronics Engineering Course'),
(769, 'Electrical Engineering'),
(770, 'Cardiology'),
(771, 'Biomedical Engineering'),
(772, 'Diploma in Nursing'),
(773, 'Physiotherapy'),
(774, 'Clinical Research'),
(775, 'Occupational Therapy'),
(776, 'Audiology'),
(777, 'MD Paediatrics'),
(778, 'Dermatology'),
(779, 'Microbiology'),
(780, 'Computer Engineering'),
(781, 'DM Neurology'),
(782, 'Pathology'),
(783, 'MD General Medicine'),
(784, 'MS Orthopaedics'),
(785, 'Homeopathy'),
(786, 'MD Pathology'),
(787, 'Petroleum Engineering'),
(788, 'Genetic Engineering'),
(789, 'Emergency Medical Technician'),
(790, 'Environmental Engineering'),
(791, 'Industrial Engineering'),
(792, 'MD Radiology'),
(793, 'Instrumentation Engineering'),
(794, 'MD Psychiatry'),
(795, 'Structural Engineering'),
(796, 'MSc Medical Microbiology'),
(797, 'Metallurgical Engineering'),
(798, 'Alternative Medicine'),
(799, 'Electrical and Electronics Engineering'),
(800, 'BSc Operation Theatre Technology'),
(801, 'MCh'),
(802, 'MD Pharmacology'),
(803, 'Agricultural Engineering'),
(804, 'MD Homoeopathy'),
(805, 'BSc Cardiac Technology'),
(806, 'Production Engineering'),
(807, 'MD Dermatology'),
(808, 'BSc Pathology'),
(809, 'MD Ayurveda'),
(810, 'BSc Radiography'),
(811, 'Instrumentation and Control Engineering'),
(812, 'Electronics and Telecommunication Engineering'),
(813, 'DM Cardiology'),
(814, 'MSc Anatomy'),
(815, 'Architecture Engineering'),
(816, 'Psychiatrist'),
(817, 'MS Ophthalmology'),
(818, 'BSc Perfusion Technology'),
(819, 'DM Gastroenterology'),
(820, 'BSc Medical Imaging Technology'),
(821, 'Manufacturing Engineering'),
(822, 'MCh Urology'),
(823, 'Paediatrics'),
(824, 'Pharmacology'),
(825, 'Ophthalmology'),
(826, 'PhD Physiotherapy'),
(827, 'Orthopaedics'),
(828, 'DNB Cardiology'),
(829, 'MD Radiodiagnosis'),
(830, 'MD Microbiology'),
(831, 'MS ENT'),
(832, 'Neurology'),
(833, 'Infrastructure Engineering'),
(834, 'Energy Engineering'),
(835, 'Food Engineering'),
(836, 'Avionics Engineering'),
(837, 'Industrial and Production Engineering'),
(838, 'Polymer Engineering'),
(839, 'Design Engineering'),
(840, 'Water Resources Engineering'),
(841, 'MBA in Artificial Intelligence'),
(842, 'MBA in Financial Technology'),
(843, 'BA Music'),
(844, 'M.Pharm Pharmacology'),
(845, 'Bachelor in Performing Arts'),
(846, 'BA Film, Television and OTT Production'),
(847, 'BA (Hons) Political Science'),
(848, 'BA Marathi'),
(849, 'B.Com in Finance'),
(850, 'BBA Honors'),
(851, 'Diploma in Information Technology'),
(852, 'BE Electrical and Electronics Engineering'),
(853, 'Robotics Engineering'),
(854, 'BTech Cyber Security'),
(855, 'BSc Data Science'),
(856, 'BA Computer Applications'),
(857, 'Information Science & Engineering'),
(858, 'Diploma in Electronics and Communication Engineering'),
(859, 'MA Sociology'),
(860, 'BA (Hons) Sanskrit'),
(861, 'Diploma in Electronics and Communication Engineering'),
(862, 'Advanced Diploma in Computer Applications'),
(863, 'BSc Non Medical'),
(864, 'Diploma in Mechatronics'),
(865, 'BSc (Hons) Mathematics'),
(866, 'B Com Computer Applications'),
(867, 'Chemical Engineering'),
(868, 'BSc Hons Agriculture'),
(869, 'MSc Nutrition and Dietetics'),
(870, 'MA Sanskrit'),
(871, 'BA Bengali Hons'),
(872, 'BSc Hons Botany'),
(873, 'BA Bengali Hons'),
(874, 'PhD Computer Science'),
(875, 'BSc Bioinformatics'),
(876, 'BA Sanskrit'),
(877, 'BA Functional English'),
(878, 'MSc Food Science and Technology'),
(879, 'BSc Computer Application'),
(880, 'BSc Computer Application'),
(881, 'Data Entry Operator Course'),
(882, 'Mobile Repairing Course'),
(883, 'Diploma in Cooperative Management'),
(884, 'PhD Mathematics'),
(885, 'Diploma in Multimedia'),
(886, 'BBA in Fintech'),
(887, 'B.Tech Cloud Computing'),
(888, 'B.Des in Game Design & Animation'),
(889, 'BCA in Cyber Security'),
(890, 'BCA in Animation & Gaming'),
(891, 'BBA in New Age Sales and Marketing'),
(892, 'MCA in Full Stack Development'),
(893, 'BCA in Data Science'),
(894, 'BBA in Applied HR'),
(895, 'B.Tech in Full Stack Development'),
(896, 'B.Com Investment Banking'),
(897, 'B.Tech in Blockchain Technology'),
(898, 'BCA Full Stack Development'),
(899, 'B.Com Fintech'),
(900, 'BCA in Cloud Computing'),
(901, 'B.Des in UX/UI Course'),
(902, 'B.Com Banking & Finance'),
(903, 'BSc Animation VFX'),
(904, 'B.Des in UX/ UI Interaction Design Course'),
(905, 'B.Com International Business & Finance'),
(906, 'Digital Journalism'),
(907, 'BBA in Insurance and Investment Management'),
(908, 'BBA in Investment Banking'),
(909, 'MBA in New Age Sales and Marketing'),
(910, 'MBA in Applied HR'),
(911, 'B.Des in Visual Communication Course'),
(912, 'B.Des in Animation & Visual Effects Course'),
(913, 'M.Des in UX/UI Course'),
(914, 'MBA in Global Financial Operations'),
(915, 'BA in Restaurant Management Course'),
(916, 'MBA in Investment Banking'),
(917, 'Artificial Intelligence and Machine Learning Course'),
(918, 'Doctor of Business Administration'),
(919, 'Investment Banking');

-- --------------------------------------------------------

--
-- Table structure for table `industries`
--

CREATE TABLE `industries` (
  `industry_id` int(11) NOT NULL,
  `industry` varchar(500) NOT NULL,
  `sub_industry` text NOT NULL
) ENGINE=InnoDB DEFAULT CHARSET=utf8mb4 COLLATE=utf8mb4_general_ci;

--
-- Dumping data for table `industries`
--

INSERT INTO `industries` (`industry_id`, `industry`, `sub_industry`) VALUES
(1, 'Accommodation and food services', 'Hotels; Motels; Restaurants; Fast food chains; Catering; Event management; Bars; Cafés; Resorts; Bed & breakfast'),
(2, 'Administrative and support, waste management and remediation services', 'Employment agencies; Office support services; Document preparation; Cleaning services; Security services; Waste collection; Hazardous waste management; Landscaping'),
(3, 'Agriculture, forestry, fishing and hunting', 'Crop production; Animal farming; Forestry; Timber production; Fishing; Aquaculture; Hunting; Logging'),
(4, 'Arts, entertainment and recreation', 'Museums; Art galleries; Performing arts; Movie production; Amusement parks; Arcades; Fitness centers; Zoos; Sports clubs; Gambling'),
(5, 'Construction', 'Residential construction; Commercial construction; Heavy civil construction; Industrial construction; Plumbing; Electrical; HVAC; Carpentry'),
(6, 'Educational services', 'Elementary schools; Secondary schools; Colleges; Universities; Vocational schools; Online education platforms; Tutoring services; Language schools'),
(7, 'Finance and insurance', 'Banking; Investment management; Financial advisory; Insurance underwriting; Credit unions; Pension funds; Mortgage services; Brokerage firms'),
(8, 'Health care and social assistance', 'Hospitals; Nursing homes; Clinics; Doctor\'s offices; Outpatient care; Home health care services; Mental health services; Daycare services; Elderly care'),
(9, 'Information and cultural industries', 'Publishing; Broadcasting; Film production; TV production; Music production; Telecommunications; Software development; Video games; Digital media'),
(10, 'Management of companies and enterprises', 'Holding companies; Corporate offices; Management consulting; Strategic management; Business advisory services'),
(11, 'Manufacturing', 'Automobile manufacturing; Electronics; Pharmaceuticals; Food production; Apparel; Machinery; Chemicals; Furniture; Plastics; Paper'),
(12, 'Mining, quarrying, and oil and gas extraction', 'Coal mining; Metal ore mining; Oil and gas extraction; Quarrying; Drilling; Natural gas distribution; Support services for mining'),
(13, 'Other services (except public administration)', 'Repair services; Personal care services; Religious organizations; Civic organizations; Laundry services; Maintenance services; Pet care services'),
(14, 'Professional, scientific and technical services', 'Legal services; Accounting services; Architecture; Engineering; Scientific research; Advertising; Consulting; Market research; Computer services; Design'),
(15, 'Public administration', 'Government services; Legislative bodies; Executive offices; Public safety; Law enforcement; Social services; Emergency services; Regulatory bodies'),
(16, 'Real estate and rental and leasing', 'Residential property management; Commercial real estate; Real estate brokerage; Property leasing; Equipment leasing; Vacation rentals'),
(17, 'Retail trade', 'Grocery stores; Department stores; Online retail; Apparel stores; Electronics stores; Auto dealers; Pharmacies; Convenience stores; Specialty stores'),
(18, 'Transportation and warehousing', 'Air transportation; Rail transportation; Trucking; Maritime transport; Public transit; Warehousing; Storage; Freight forwarding; Logistics');

-- --------------------------------------------------------

--
-- Table structure for table `noc`
--

CREATE TABLE `noc` (
  `noc_id` int(11) NOT NULL,
  `tree_category` int(11) NOT NULL,
  `name` varchar(500) NOT NULL,
  `class_title` text NOT NULL
) ENGINE=InnoDB DEFAULT CHARSET=utf8mb4 COLLATE=utf8mb4_general_ci;

--
-- Dumping data for table `noc`
--

INSERT INTO `noc` (`noc_id`, `tree_category`, `name`, `class_title`) VALUES
(1, 0, '10010', 'Financial managers'),
(2, 0, '10011', 'Human resources managers'),
(3, 0, '10012', 'Purchasing managers'),
(4, 0, '10019', 'Other administrative services managers'),
(5, 0, '10020', 'Insurance, real estate and financial brokerage managers'),
(6, 0, '10021', 'Banking, credit and other investment managers'),
(7, 0, '10022', 'Advertising, marketing and public relations managers'),
(8, 0, '10029', 'Other business services managers'),
(9, 0, '10030', 'Telecommunication carriers managers'),
(10, 0, '20010', 'Engineering managers'),
(11, 0, '20011', 'Architecture and science managers'),
(12, 0, '20012', 'Computer and information systems managers'),
(13, 0, '30010', 'Managers in health care'),
(14, 0, '40010', 'Government managers - health and social policy development and program administration'),
(15, 0, '40011', 'Government managers - economic analysis, policy development and program administration'),
(16, 0, '40012', 'Government managers - education policy development and program administration'),
(17, 0, '40019', 'Other managers in public administration'),
(18, 0, '40020', 'Administrators - post-secondary education and vocational training'),
(19, 0, '40021', 'School principals and administrators of elementary and secondary education'),
(20, 0, '40030', 'Managers in social, community and correctional services'),
(21, 0, '40040', 'Commissioned police officers and related occupations in public protection services'),
(22, 0, '40041', 'Fire chiefs and senior firefighting officers'),
(23, 0, '40042', 'Commissioned officers of the Canadian Armed Forces'),
(24, 0, '50010', 'Library, archive, museum and art gallery managers'),
(25, 0, '50011', 'Managers - publishing, motion pictures, broadcasting and performing arts'),
(26, 0, '50012', 'Recreation, sports and fitness program and service directors'),
(27, 0, '60010', 'Corporate sales managers'),
(28, 0, '60020', 'Retail and wholesale trade managers'),
(29, 0, '60030', 'Restaurant and food service managers'),
(30, 0, '60031', 'Accommodation service managers'),
(31, 0, '60040', 'Managers in customer and personal services'),
(32, 0, '70010', 'Construction managers'),
(33, 0, '70011', 'Home building and renovation managers'),
(34, 0, '70012', 'Facility operation and maintenance managers'),
(35, 0, '70020', 'Managers in transportation'),
(36, 0, '70021', 'Postal and courier services managers'),
(37, 0, '80010', 'Managers in natural resources production and fishing'),
(38, 0, '80020', 'Managers in agriculture'),
(39, 0, '80021', 'Managers in horticulture'),
(40, 0, '80022', 'Managers in aquaculture'),
(41, 0, '90010', 'Manufacturing managers'),
(42, 0, '90011', 'Utilities managers'),
(43, 1, '11100', 'Financial auditors and accountants'),
(44, 1, '11101', 'Financial and investment analysts'),
(45, 1, '11102', 'Financial advisors'),
(46, 1, '11103', 'Securities agents, investment dealers and brokers'),
(47, 1, '11109', 'Other financial officers'),
(48, 1, '11200', 'Human resources professionals'),
(49, 1, '11201', 'Professional occupations in business management consulting'),
(50, 1, '11202', 'Professional occupations in advertising, marketing and public relations'),
(51, 1, '21100', 'Physicists and astronomers'),
(52, 1, '21101', 'Chemists'),
(53, 1, '21102', 'Geoscientists and oceanographers'),
(54, 1, '21103', 'Meteorologists and climatologists'),
(55, 1, '21109', 'Other professional occupations in physical sciences'),
(56, 1, '21110', 'Biologists and related scientists'),
(57, 1, '21111', 'Forestry professionals'),
(58, 1, '21112', 'Agricultural representatives, consultants and specialists'),
(59, 1, '21120', 'Public and environmental health and safety professionals'),
(60, 1, '21200', 'Architects'),
(61, 1, '21201', 'Landscape architects'),
(62, 1, '21202', 'Urban and land use planners'),
(63, 1, '21203', 'Land surveyors'),
(64, 1, '21210', 'Mathematicians, statisticians and actuaries'),
(65, 1, '21211', 'Data scientists'),
(66, 1, '21220', 'Cybersecurity specialists'),
(67, 1, '21221', 'Business systems specialists'),
(68, 1, '21222', 'Information systems specialists'),
(69, 1, '21223', 'Database analysts and data administrators'),
(70, 1, '21230', 'Computer systems developers and programmers'),
(71, 1, '21231', 'Software engineers and designers'),
(72, 1, '21232', 'Software developers and programmers'),
(73, 1, '21233', 'Web designers'),
(74, 1, '21234', 'Web developers and programmers'),
(75, 1, '21300', 'Civil engineers'),
(76, 1, '21301', 'Mechanical engineers'),
(77, 1, '21310', 'Electrical and electronics engineers'),
(78, 1, '21311', 'Computer engineers (except software engineers and designers)'),
(79, 1, '21320', 'Chemical engineers'),
(80, 1, '21321', 'Industrial and manufacturing engineers'),
(81, 1, '21322', 'Metallurgical and materials engineers'),
(82, 1, '21330', 'Mining engineers'),
(83, 1, '21331', 'Geological engineers'),
(84, 1, '21332', 'Petroleum engineers'),
(85, 1, '21390', 'Aerospace engineers'),
(86, 1, '21399', 'Other professional engineers'),
(87, 1, '31100', 'Specialists in clinical and laboratory medicine'),
(88, 1, '31101', 'Specialists in surgery'),
(89, 1, '31102', 'General practitioners and family physicians'),
(90, 1, '31103', 'Veterinarians'),
(91, 1, '31110', 'Dentists'),
(92, 1, '31111', 'Optometrists'),
(93, 1, '31112', 'Audiologists and speech-language pathologists'),
(94, 1, '31120', 'Pharmacists'),
(95, 1, '31121', 'Dietitians and nutritionists'),
(96, 1, '31200', 'Psychologists'),
(97, 1, '31201', 'Chiropractors'),
(98, 1, '31202', 'Physiotherapists'),
(99, 1, '31203', 'Occupational therapists'),
(100, 1, '31204', 'Kinesiologists and other professional occupations in therapy and assessment'),
(101, 1, '31209', 'Other professional occupations in health diagnosing and treating'),
(102, 1, '31300', 'Nursing coordinators and supervisors'),
(103, 1, '31301', 'Registered nurses and registered psychiatric nurses'),
(104, 1, '31302', 'Nurse practitioners'),
(105, 1, '31303', 'Physician assistants, midwives and allied health professionals'),
(106, 1, '41100', 'Judges'),
(107, 1, '41101', 'Lawyers and Quebec notaries'),
(108, 1, '41200', 'University professors and lecturers'),
(109, 1, '41201', 'Post-secondary teaching and research assistants'),
(110, 1, '41210', 'College and other vocational instructors'),
(111, 1, '41220', 'Secondary school teachers'),
(112, 1, '41221', 'Elementary school and kindergarten teachers'),
(113, 1, '41300', 'Social workers'),
(114, 1, '41301', 'Therapists in counselling and related specialized therapies'),
(115, 1, '41302', 'Religious leaders'),
(116, 1, '41310', 'Police investigators and other investigative occupations'),
(117, 1, '41311', 'Probation and parole officers'),
(118, 1, '41320', 'Educational counsellors'),
(119, 1, '41321', 'Career development practitioners and career counsellors (except education)'),
(120, 1, '41400', 'Natural and applied science policy researchers, consultants and program officers'),
(121, 1, '41401', 'Economists and economic policy researchers and analysts'),
(122, 1, '41402', 'Business development officers and market researchers and analysts'),
(123, 1, '41403', 'Social policy researchers, consultants and program officers'),
(124, 1, '41404', 'Health policy researchers, consultants and program officers'),
(125, 1, '41405', 'Education policy researchers, consultants and program officers'),
(126, 1, '41406', 'Recreation, sports and fitness policy researchers, consultants and program officers'),
(127, 1, '41407', 'Program officers unique to government'),
(128, 1, '41409', 'Other professional occupations in social science'),
(129, 1, '51100', 'Librarians'),
(130, 1, '51101', 'Conservators and curators'),
(131, 1, '51102', 'Archivists'),
(132, 1, '51110', 'Editors'),
(133, 1, '51111', 'Authors and writers (except technical)'),
(134, 1, '51112', 'Technical writers'),
(135, 1, '51113', 'Journalists'),
(136, 1, '51114', 'Translators, terminologists and interpreters'),
(137, 1, '51120', 'Producers, directors, choreographers and related occupations'),
(138, 1, '51121', 'Conductors, composers and arrangers'),
(139, 1, '51122', 'Musicians and singers'),
(140, 2, '12010', 'Supervisors, general office and administrative support workers'),
(141, 2, '12011', 'Supervisors, finance and insurance office workers'),
(142, 2, '12012', 'Supervisors, library, correspondence and related information workers'),
(143, 2, '12013', 'Supervisors, supply chain, tracking and scheduling coordination occupations'),
(144, 2, '12100', 'Executive assistants'),
(145, 2, '12101', 'Human resources and recruitment officers'),
(146, 2, '12102', 'Procurement and purchasing agents and officers'),
(147, 2, '12103', 'Conference and event planners'),
(148, 2, '12104', 'Employment insurance and revenue officers'),
(149, 2, '12110', 'Court reporters, medical transcriptionists and related occupations'),
(150, 2, '12111', 'Health information management occupations'),
(151, 2, '12112', 'Records management technicians'),
(152, 2, '12113', 'Statistical officers and related research support occupations'),
(153, 2, '12200', 'Accounting technicians and bookkeepers'),
(154, 2, '12201', 'Insurance adjusters and claims examiners'),
(155, 2, '12202', 'Insurance underwriters'),
(156, 2, '12203', 'Assessors, business valuators and appraisers'),
(157, 2, '22100', 'Chemical technologists and technicians'),
(158, 2, '22101', 'Geological and mineral technologists and technicians'),
(159, 2, '22110', 'Biological technologists and technicians'),
(160, 2, '22111', 'Agricultural and fish products inspectors'),
(161, 2, '22112', 'Forestry technologists and technicians'),
(162, 2, '22113', 'Conservation and fishery officers'),
(163, 2, '22114', 'Landscape and horticulture technicians and specialists'),
(164, 2, '22210', 'Architectural technologists and technicians'),
(165, 2, '22211', 'Industrial designers'),
(166, 2, '22212', 'Drafting technologists and technicians'),
(167, 2, '22213', 'Land survey technologists and technicians'),
(168, 2, '22214', 'Technical occupations in geomatics and meteorology'),
(169, 2, '22220', 'Computer network and web technicians'),
(170, 2, '22221', 'User support technicians'),
(171, 2, '22222', 'Information systems testing technicians'),
(172, 2, '22230', 'Non-destructive testers and inspectors'),
(173, 2, '22231', 'Engineering inspectors and regulatory officers'),
(174, 2, '22232', 'Occupational health and safety specialists'),
(175, 2, '22233', 'Construction inspectors'),
(176, 2, '22300', 'Civil engineering technologists and technicians'),
(177, 2, '22301', 'Mechanical engineering technologists and technicians'),
(178, 2, '22302', 'Industrial engineering and manufacturing technologists and technicians'),
(179, 2, '22303', 'Construction estimators'),
(180, 2, '22310', 'Electrical and electronics engineering technologists and technicians'),
(181, 2, '22311', 'Electronic service technicians (household and business equipment)'),
(182, 2, '22312', 'Industrial instrument technicians and mechanics'),
(183, 2, '22313', 'Aircraft instrument, electrical and avionics mechanics, technicians and inspectors'),
(184, 2, '32100', 'Opticians'),
(185, 2, '32101', 'Licensed practical nurses'),
(186, 2, '32102', 'Paramedical occupations'),
(187, 2, '32103', 'Respiratory therapists, clinical perfusionists and cardiopulmonary technologists'),
(188, 2, '32104', 'Animal health technologists and veterinary technicians'),
(189, 2, '32109', 'Other technical occupations in therapy and assessment'),
(190, 2, '32110', 'Denturists'),
(191, 2, '32111', 'Dental hygienists and dental therapists'),
(192, 2, '32112', 'Dental technologists and technicians'),
(193, 2, '32120', 'Medical laboratory technologists'),
(194, 2, '32121', 'Medical radiation technologists'),
(195, 2, '32122', 'Medical sonographers'),
(196, 2, '32123', 'Cardiology technologists and electrophysiological diagnostic technologists'),
(197, 2, '32124', 'Pharmacy technicians'),
(198, 2, '32129', 'Other medical technologists and technicians'),
(199, 2, '32200', 'Traditional Chinese medicine practitioners and acupuncturists'),
(200, 2, '32201', 'Massage therapists'),
(201, 2, '32209', 'Other practitioners of natural healing'),
(202, 2, '42100', 'Police officers (except commissioned)'),
(203, 2, '42101', 'Firefighters'),
(204, 2, '42102', 'Specialized members of the Canadian Armed Forces'),
(205, 2, '42200', 'Paralegals and related occupations'),
(206, 2, '42201', 'Social and community service workers'),
(207, 2, '42202', 'Early childhood educators and assistants'),
(208, 2, '42203', 'Instructors of persons with disabilities'),
(209, 2, '42204', 'Religion workers'),
(210, 2, '52100', 'Library and public archive technicians'),
(211, 2, '52110', 'Film and video camera operators'),
(212, 2, '52111', 'Graphic arts technicians'),
(213, 2, '52112', 'Broadcast technicians'),
(214, 2, '52113', 'Audio and video recording technicians'),
(215, 2, '52114', 'Announcers and other broadcasters'),
(216, 2, '52119', 'Other technical and coordinating occupations in motion pictures, broadcasting and the performing arts'),
(217, 2, '52120', 'Graphic designers and illustrators'),
(218, 2, '52121', 'Interior designers and interior decorators'),
(219, 2, '62010', 'Retail sales supervisors'),
(220, 2, '62020', 'Food service supervisors'),
(221, 2, '62021', 'Executive housekeepers'),
(222, 2, '62022', 'Accommodation, travel, tourism and related services supervisors'),
(223, 2, '62023', 'Customer and information services supervisors'),
(224, 2, '62024', 'Cleaning supervisors'),
(225, 2, '62029', 'Other services supervisors'),
(226, 2, '62100', 'Technical sales specialists - wholesale trade'),
(227, 2, '62101', 'Retail and wholesale buyers'),
(228, 2, '62200', 'Chefs'),
(229, 2, '62201', 'Funeral directors and embalmers'),
(230, 2, '62202', 'Jewellers, jewellery and watch repairers and related occupations'),
(231, 2, '72010', 'Contractors and supervisors, machining, metal forming, shaping and erecting trades and related occupations'),
(232, 2, '72011', 'Contractors and supervisors, electrical trades and telecommunications occupations'),
(233, 2, '72012', 'Contractors and supervisors, pipefitting trades'),
(234, 2, '72013', 'Contractors and supervisors, carpentry trades'),
(235, 2, '72014', 'Contractors and supervisors, other construction trades, installers, repairers and servicers'),
(236, 2, '72020', 'Contractors and supervisors, mechanic trades'),
(237, 2, '72021', 'Contractors and supervisors, heavy equipment operator crews'),
(238, 2, '72022', 'Supervisors, printing and related occupations'),
(239, 2, '72023', 'Supervisors, railway transport operations'),
(240, 2, '72024', 'Supervisors, motor transport and other ground transit operators'),
(241, 2, '72025', 'Supervisors, mail and message distribution occupations'),
(242, 2, '72100', 'Machinists and machining and tooling inspectors'),
(243, 2, '72101', 'Tool and die makers'),
(244, 2, '72102', 'Sheet metal workers'),
(245, 2, '72103', 'Boilermakers'),
(246, 2, '72104', 'Structural metal and platework fabricators and fitters'),
(247, 2, '72105', 'Ironworkers'),
(248, 2, '72106', 'Welders and related machine operators'),
(249, 2, '72200', 'Electricians (except industrial and power system)'),
(250, 2, '72201', 'Industrial electricians'),
(251, 2, '72202', 'Power system electricians'),
(252, 2, '72203', 'Electrical power line and cable workers'),
(253, 2, '72204', 'Telecommunications line and cable installers and repairers'),
(254, 2, '72205', 'Telecommunications equipment installation and cable television service technicians'),
(255, 2, '72300', 'Plumbers'),
(256, 2, '72301', 'Steamfitters, pipefitters and sprinkler system installers'),
(257, 2, '72302', 'Gas fitters'),
(258, 2, '72310', 'Carpenters'),
(259, 2, '72311', 'Cabinetmakers'),
(260, 2, '72320', 'Bricklayers'),
(261, 2, '72321', 'Insulators'),
(262, 2, '72400', 'Construction millwrights and industrial mechanics'),
(263, 2, '72401', 'Heavy-duty equipment mechanics'),
(264, 2, '72402', 'Heating, refrigeration and air conditioning mechanics'),
(265, 2, '72403', 'Railway carmen/women'),
(266, 2, '72404', 'Aircraft mechanics and aircraft inspectors'),
(267, 2, '72405', 'Machine fitters'),
(268, 2, '72406', 'Elevator constructors and mechanics'),
(269, 2, '72410', 'Automotive service technicians, truck and bus mechanics and mechanical repairers'),
(270, 2, '72411', 'Auto body collision, refinishing and glass technicians and damage repair estimators');

-- --------------------------------------------------------

--
-- Table structure for table `sellers`
--

CREATE TABLE `sellers` (
  `seller_id` int(11) NOT NULL,
  `email` char(200) NOT NULL,
  `password` varchar(500) NOT NULL,
  `verification_code` char(20) NOT NULL,
  `status` int(11) NOT NULL DEFAULT 0,
  `unique_id` varchar(255) NOT NULL,
  `inserted_at` datetime NOT NULL,
  `updated_at` datetime NOT NULL
) ENGINE=InnoDB DEFAULT CHARSET=utf8mb4 COLLATE=utf8mb4_general_ci;

--
-- Dumping data for table `sellers`
--

INSERT INTO `sellers` (`seller_id`, `email`, `password`, `verification_code`, `status`, `unique_id`, `inserted_at`, `updated_at`) VALUES
(1, 'test@test.com', '$2y$10$f/U9XWm0nFtS1q/WJWr.VuwcrsfuN1VkRkw63Q3lA7R0tzzZg4VZC', '253668', 1, '9b4d1a3c9a5f', '2025-01-27 14:48:16', '0000-00-00 00:00:00'),
(3, 'test2@test.com', '$2y$10$e/curNjz9B5KxlU/NEZPKOyyP1UUkBl3jwLmS8fv0Zyl6h.l4Z2.i', '270783', 1, 'e0bde28aef91', '2025-01-29 13:14:49', '0000-00-00 00:00:00'),
(4, 'sahamugdho@gmail.com', '$2y$10$IiaJfyWtbNKJoZrt3r1jS.GAxZFaVSn24GrCs54D47qjeHl4bB.oK', '855960', 1, 'aa921606c137', '2025-02-05 17:16:13', '0000-00-00 00:00:00');

-- --------------------------------------------------------

--
-- Table structure for table `seller_canadian_education`
--

CREATE TABLE `seller_canadian_education` (
  `s_can_edu_id` int(11) NOT NULL,
  `user_id` int(11) NOT NULL,
  `can_level_of_education` varchar(500) NOT NULL,
  `can_field_of_study` varchar(500) NOT NULL,
  `can_college` varchar(500) NOT NULL,
  `can_location` varchar(500) NOT NULL,
  `can_gpa` varchar(500) NOT NULL,
  `inserted_at` datetime NOT NULL,
  `updated_at` datetime NOT NULL
) ENGINE=InnoDB DEFAULT CHARSET=utf8mb4 COLLATE=utf8mb4_general_ci;

--
-- Dumping data for table `seller_canadian_education`
--

INSERT INTO `seller_canadian_education` (`s_can_edu_id`, `user_id`, `can_level_of_education`, `can_field_of_study`, `can_college`, `can_location`, `can_gpa`, `inserted_at`, `updated_at`) VALUES
(1, 3, 'Bachelors Degree', '19', '12', '16', '3.00', '2025-02-05 12:53:57', '0000-00-00 00:00:00'),
(2, 1, 'Masters Degree', '16', '83', '56', '3.90', '2025-02-05 16:38:02', '0000-00-00 00:00:00');

-- --------------------------------------------------------

--
-- Table structure for table `seller_career`
--

CREATE TABLE `seller_career` (
  `seller_career_id` int(11) NOT NULL,
  `seller_id` int(11) NOT NULL,
  `career_role` varchar(500) NOT NULL,
  `career_industry` varchar(500) NOT NULL,
  `noc_number` varchar(255) NOT NULL,
  `inserted_at` datetime NOT NULL,
  `updated_at` datetime NOT NULL
) ENGINE=InnoDB DEFAULT CHARSET=utf8mb4 COLLATE=utf8mb4_general_ci;

--
-- Dumping data for table `seller_career`
--

INSERT INTO `seller_career` (`seller_career_id`, `seller_id`, `career_role`, `career_industry`, `noc_number`, `inserted_at`, `updated_at`) VALUES
(1, 3, 'test', 'FSF', '17', '2025-02-05 12:53:57', '0000-00-00 00:00:00'),
(2, 1, ' Design Director for Microsoft.', 'Microsoft', '8', '2025-02-05 16:38:02', '0000-00-00 00:00:00');

-- --------------------------------------------------------

--
-- Table structure for table `seller_core_skills`
--

CREATE TABLE `seller_core_skills` (
  `s_core_skill_id` int(11) NOT NULL,
  `user_id` int(11) NOT NULL,
  `core_skill` varchar(500) NOT NULL,
  `inserted_at` datetime NOT NULL,
  `updated_at` datetime NOT NULL
) ENGINE=InnoDB DEFAULT CHARSET=utf8mb4 COLLATE=utf8mb4_general_ci;

--
-- Dumping data for table `seller_core_skills`
--

INSERT INTO `seller_core_skills` (`s_core_skill_id`, `user_id`, `core_skill`, `inserted_at`, `updated_at`) VALUES
(1, 3, '33', '2025-02-05 12:53:57', '0000-00-00 00:00:00'),
(2, 3, '7', '2025-02-05 12:53:57', '0000-00-00 00:00:00'),
(3, 1, '30', '2025-02-05 16:38:02', '0000-00-00 00:00:00'),
(4, 1, '117', '2025-02-05 16:38:02', '0000-00-00 00:00:00'),
(5, 1, '122', '2025-02-05 16:38:02', '0000-00-00 00:00:00');

-- --------------------------------------------------------

--
-- Table structure for table `seller_experience_data`
--

CREATE TABLE `seller_experience_data` (
  `seller_experience_id` int(11) NOT NULL,
  `user_id` int(11) NOT NULL,
  `industry` varchar(500) NOT NULL,
  `sub_industry` varchar(500) NOT NULL,
  `countries` varchar(500) NOT NULL,
  `job_designation` varchar(500) NOT NULL,
  `company_name` varchar(500) NOT NULL,
  `company_website` varchar(500) NOT NULL,
  `start_date` date NOT NULL,
  `end_date` date NOT NULL,
  `accomplishment` text NOT NULL,
  `reporting_manager` varchar(500) NOT NULL,
  `designation` varchar(500) NOT NULL,
  `name` varchar(500) NOT NULL,
  `email` varchar(500) NOT NULL,
  `inserted_at` datetime NOT NULL,
  `updated_at` datetime NOT NULL
) ENGINE=InnoDB DEFAULT CHARSET=utf8mb4 COLLATE=utf8mb4_general_ci;

--
-- Dumping data for table `seller_experience_data`
--

INSERT INTO `seller_experience_data` (`seller_experience_id`, `user_id`, `industry`, `sub_industry`, `countries`, `job_designation`, `company_name`, `company_website`, `start_date`, `end_date`, `accomplishment`, `reporting_manager`, `designation`, `name`, `email`, `inserted_at`, `updated_at`) VALUES
(1, 3, '15', 'Government services', 'Belgium', 'SDM', 'FrogBID', 'www.test.com', '2025-02-01', '2025-02-05', 'This is a test accomplishment', 'Reporting Manager', 'HR', 'Monoget Saha', 'mono@get.com', '0000-00-00 00:00:00', '0000-00-00 00:00:00'),
(2, 3, '16', 'Public safety', 'Belgium', 'Test', 'Test', 'Test.com', '2025-02-01', '2025-02-05', 'This is a test accomplishment', 'Reporting Manager', 'HR', 'Monoget Saha', 'monoget1@gmail.com', '0000-00-00 00:00:00', '0000-00-00 00:00:00'),
(3, 1, '16', 'Residential property management', 'Canada', 'Graphic Design', 'Microsoft Corporation', 'https://www.microsoft.com/en-us/', '2022-06-05', '2025-02-05', 'Bill Gates', 'Brother', 'Full Stack Web Developer', 'Monoget Saha', 'monoget1@gmail.com', '0000-00-00 00:00:00', '0000-00-00 00:00:00');

-- --------------------------------------------------------

--
-- Table structure for table `seller_global_education`
--

CREATE TABLE `seller_global_education` (
  `seller_global_education_id` int(11) NOT NULL,
  `user_id` int(11) NOT NULL,
  `global_level_of_education` varchar(500) NOT NULL,
  `global_field_of_study` varchar(500) NOT NULL,
  `global_gpa` varchar(255) NOT NULL,
  `inserted_at` datetime NOT NULL,
  `updated_at` datetime NOT NULL
) ENGINE=InnoDB DEFAULT CHARSET=utf8mb4 COLLATE=utf8mb4_general_ci;

--
-- Dumping data for table `seller_global_education`
--

INSERT INTO `seller_global_education` (`seller_global_education_id`, `user_id`, `global_level_of_education`, `global_field_of_study`, `global_gpa`, `inserted_at`, `updated_at`) VALUES
(1, 3, 'High school graduation', '440', '3.80', '2025-02-05 12:53:57', '0000-00-00 00:00:00'),
(2, 1, 'Bachelors Degree', '16', '3.80', '2025-02-05 16:38:02', '0000-00-00 00:00:00');

-- --------------------------------------------------------

--
-- Table structure for table `seller_messages`
--

CREATE TABLE `seller_messages` (
  `s_msg_id` int(11) NOT NULL,
  `seller_id` int(11) NOT NULL,
  `full_name` varchar(255) NOT NULL,
  `sender_email` varchar(255) NOT NULL,
  `message` text NOT NULL,
  `inserted_at` datetime NOT NULL,
  `updated_at` datetime NOT NULL
) ENGINE=InnoDB DEFAULT CHARSET=utf8mb4 COLLATE=utf8mb4_general_ci;

--
-- Dumping data for table `seller_messages`
--

INSERT INTO `seller_messages` (`s_msg_id`, `seller_id`, `full_name`, `sender_email`, `message`, `inserted_at`, `updated_at`) VALUES
(1, 3, 'Biplob Kumar Mondol', 'bkm87@gmail.com', 'This is a test message', '2025-02-05 15:12:55', '0000-00-00 00:00:00'),
(2, 3, 'Biplob', 'sdasdsafadf', 'dasdasdada', '2025-02-05 15:17:17', '0000-00-00 00:00:00'),
(3, 3, 'dasdasd', 'asdada@asdad.com', 'dadasdasd', '2025-02-05 15:18:53', '0000-00-00 00:00:00');

-- --------------------------------------------------------

--
-- Table structure for table `seller_personal_information`
--

CREATE TABLE `seller_personal_information` (
  `p_info_id` int(11) NOT NULL,
  `user_id` int(11) NOT NULL,
  `first_name` varchar(500) NOT NULL,
  `last_name` varchar(500) NOT NULL,
  `profile_image` varchar(500) NOT NULL,
  `gender` varchar(255) NOT NULL,
  `nationality` varchar(500) NOT NULL,
  `country` varchar(500) NOT NULL,
  `state` varchar(500) NOT NULL,
  `city` varchar(500) NOT NULL,
  `contact_no` varchar(500) NOT NULL,
  `country_code` varchar(200) NOT NULL,
  `contact_email` varchar(200) NOT NULL,
  `job_preferred_location` varchar(500) NOT NULL,
  `inserted_at` datetime NOT NULL,
  `updated_at` datetime NOT NULL
) ENGINE=InnoDB DEFAULT CHARSET=utf8mb4 COLLATE=utf8mb4_general_ci;

--
-- Dumping data for table `seller_personal_information`
--

INSERT INTO `seller_personal_information` (`p_info_id`, `user_id`, `first_name`, `last_name`, `profile_image`, `gender`, `nationality`, `country`, `state`, `city`, `contact_no`, `country_code`, `contact_email`, `job_preferred_location`, `inserted_at`, `updated_at`) VALUES
(1, 3, 'Mugdho', 'Saha', 'assets/profile_image/7956_zeroed-logo.png', 'male', '14', 'BD', 'Khulna Division', '', '01729277768', 'BD', 'sahamugdho@gmail.com', 'Saskatchewan', '2025-02-05 12:53:57', '0000-00-00 00:00:00'),
(2, 1, 'Mostak', 'Ahmed', 'assets/profile_image/72914_ImportedPhoto_1738751753857.jpg', 'male', '14', 'BD', 'Khulna Division', '', '01718675969', 'BD', 'mostakahmed9000@gmail.com', 'Redmond', '2025-02-05 16:38:02', '0000-00-00 00:00:00');

-- --------------------------------------------------------

--
-- Table structure for table `seller_sub_skills`
--

CREATE TABLE `seller_sub_skills` (
  `seller_s_skill_id` int(11) NOT NULL,
  `user_id` int(11) NOT NULL,
  `core_skill_id` int(11) NOT NULL,
  `sub_skill` varchar(500) NOT NULL,
  `s_skill_file` varchar(500) NOT NULL,
  `inserted_at` datetime NOT NULL,
  `updated_at` datetime NOT NULL
) ENGINE=InnoDB DEFAULT CHARSET=utf8mb4 COLLATE=utf8mb4_general_ci;

--
-- Dumping data for table `seller_sub_skills`
--

INSERT INTO `seller_sub_skills` (`seller_s_skill_id`, `user_id`, `core_skill_id`, `sub_skill`, `s_skill_file`, `inserted_at`, `updated_at`) VALUES
(1, 3, 33, 'Lead generation', 'assets/sub_skills/80420_zeroed-logo.png', '2025-02-05 12:53:57', '0000-00-00 00:00:00'),
(2, 3, 33, 'enterprise sales', '', '2025-02-05 12:53:57', '0000-00-00 00:00:00'),
(3, 3, 7, 'Smart contracts', 'assets/sub_skills/95668_zeroed-logo.png', '2025-02-05 12:53:57', '0000-00-00 00:00:00'),
(4, 3, 7, 'Solidity', '', '2025-02-05 12:53:57', '0000-00-00 00:00:00'),
(5, 3, 7, 'Ethereum', '', '2025-02-05 12:53:57', '0000-00-00 00:00:00'),
(6, 1, 30, 'Adobe Creative Suite (Photoshop', '', '2025-02-05 16:38:02', '0000-00-00 00:00:00'),
(7, 1, 30, 'Illustrator', '', '2025-02-05 16:38:02', '0000-00-00 00:00:00'),
(8, 1, 30, 'Canva', '', '2025-02-05 16:38:02', '0000-00-00 00:00:00'),
(9, 1, 30, 'visual storytelling', '', '2025-02-05 16:38:02', '0000-00-00 00:00:00'),
(10, 1, 117, 'Import/export regulations', '', '2025-02-05 16:38:02', '0000-00-00 00:00:00');

-- --------------------------------------------------------

--
-- Table structure for table `skills`
--

CREATE TABLE `skills` (
  `skill_id` int(11) NOT NULL,
  `core_skill` varchar(200) NOT NULL,
  `sub_skill` text NOT NULL
) ENGINE=InnoDB DEFAULT CHARSET=utf8mb4 COLLATE=utf8mb4_general_ci;

--
-- Dumping data for table `skills`
--

INSERT INTO `skills` (`skill_id`, `core_skill`, `sub_skill`) VALUES
(1, 'Cloud Computing', 'AWS, Microsoft Azure, Google Cloud, cloud architecture, DevOps, cloud security, Kubernetes, Terraform'),
(2, 'Cybersecurity', 'Threat detection, ethical hacking, penetration testing, incident response, network security'),
(3, 'Data Science & Analytics', 'Machine learning, data visualization, data engineering, Python, R, SQL, Hadoop, Spark'),
(4, 'Artificial Intelligence & ML', 'Natural language processing, deep learning, neural networks, TensorFlow, PyTorch'),
(5, 'Software Development', 'Java, Python, JavaScript, C#, Ruby, React, Angular, Spring Boot, Django, REST APIs'),
(6, 'DevOps & Automation', 'Jenkins, Docker, Kubernetes, Ansible, Git, CI/CD, infrastructure automation, containerization'),
(7, 'Blockchain & Web3', 'Smart contracts, decentralized apps (DApps), Solidity, Ethereum, cryptography'),
(8, 'Mobile App Development', 'Swift (iOS), Kotlin (Android), mobile UI/UX design, React Native, Flutter'),
(9, 'UI/UX Design', 'User experience research, interaction design, prototyping, wireframing tools (Sketch, Figma, Adobe XD)'),
(10, 'Project Management & Agile', 'Scrum, Kanban, Agile frameworks, Jira, communication, stakeholder management'),
(11, 'Networking & IT Infrastructure', 'Network configuration, cloud networking, hybrid IT environments, Cisco (CCNA, CCNP)'),
(12, 'Quantum Computing', 'Quantum algorithms, quantum cryptography, quantum programming (Qiskit)'),
(13, 'RPA & AI-driven Automation', 'UiPath, Blue Prism, Automation Anywhere'),
(14, 'IT Compliance & Governance', 'GDPR, SOC 2, ISO 27001, IT audits, data privacy policies'),
(15, 'Digital Marketing', 'SEO (Search Engine Optimization), SEM (Search Engine Marketing), Google Ads, Bing Ads, digital strategy'),
(16, 'Social Media Marketing', 'Social media strategy, content creation, paid social ads (Facebook, Instagram, LinkedIn), community management'),
(17, 'Content Marketing', 'Copywriting, blog writing, video content creation, content strategy, storytelling, content calendars'),
(18, 'Email Marketing', 'Campaign automation, segmentation, A/B testing, CRM tools (HubSpot, Mailchimp)'),
(19, 'Analytics & Data-Driven Marketing', 'Google Analytics, data interpretation, marketing performance tracking, dashboards (Tableau, Power BI)'),
(20, 'Search Engine Optimization (SEO)', 'Keyword research, on-page SEO, technical SEO, link building, local SEO'),
(21, 'Pay-Per-Click (PPC) Advertising', 'Google Ads, Facebook Ads Manager, YouTube advertising, bid management, ad copy optimization'),
(22, 'Influencer & Affiliate Marketing', 'Influencer outreach, affiliate partnerships, campaign management, ROI tracking'),
(23, 'Brand Strategy & Development', 'Brand positioning, brand identity, messaging, competitive analysis, market research'),
(24, 'Customer Experience (CX) & UX Design', 'Customer journey mapping, user experience testing, personalization strategies'),
(25, 'Marketing Automation', 'Tools (Marketo, HubSpot, Pardot), lead nurturing, workflow automation, retargeting strategies'),
(26, 'Video Marketing', 'Video production, editing, YouTube SEO, video ad campaigns, live streaming'),
(27, 'Public Relations (PR)', 'Media outreach, press release writing, crisis communication, reputation management'),
(28, 'E-commerce Marketing', 'Conversion rate optimization, Shopify, WooCommerce, Amazon Marketing'),
(29, 'Event Marketing', 'Event planning, webinar management, virtual events, sponsorships, event promotions'),
(30, 'Graphic Design for Marketing', 'Adobe Creative Suite (Photoshop, Illustrator, InDesign), Canva, visual storytelling'),
(31, 'Product Marketing', 'Product positioning, go-to-market strategies, customer insights, competitor analysis'),
(32, 'Sales Strategy & Planning', 'Territory management, sales forecasting, pipeline management, competitive analysis'),
(33, 'B2B Sales', 'Lead generation, account-based selling, enterprise sales, solution selling'),
(34, 'B2C Sales', 'Customer engagement, retail sales, direct selling, product demonstrations'),
(35, 'CRM Software Proficiency', 'Salesforce, HubSpot, Zoho CRM, Microsoft Dynamics, Pipedrive'),
(36, 'Cold Calling & Prospecting', 'Outbound sales techniques, lead qualification, appointment setting, email outreach'),
(37, 'Negotiation & Closing Deals', 'Objection handling, contract negotiation, deal structuring, closing techniques'),
(38, 'Consultative Selling', 'Needs-based selling, relationship building, trust-based selling, problem-solving'),
(39, 'Sales Presentations', 'Pitch decks, storytelling, PowerPoint, product demos'),
(40, 'Customer Relationship Management', 'Client retention, follow-up strategies, loyalty programs, cross-selling, upselling'),
(41, 'Sales Analytics & Reporting', 'Sales performance metrics, pipeline analysis, dashboard tools (Tableau, Power BI)'),
(42, 'Sales Automation Tools', 'Outreach.io, SalesLoft, LinkedIn Sales Navigator, email automation'),
(43, 'Product Knowledge', 'Deep understanding of product features, competitive products, and industry trends'),
(44, 'Social Selling', 'LinkedIn networking, social media outreach, content sharing, online reputation building'),
(45, 'Team Collaboration', 'Collaboration with marketing, product teams, and customer service to align goals'),
(46, 'Customer Experience (CX)', 'Mapping customer journey, addressing pain points, providing personalized solutions'),
(47, 'Sales Training & Development', 'Sales coaching, mentoring, continuous learning, leadership development'),
(48, 'Communication Skills', 'Active listening, clear verbal communication, written communication, empathy'),
(49, 'Problem-Solving', 'Critical thinking, conflict resolution, troubleshooting, root cause analysis'),
(50, 'CRM Software Proficiency', 'Salesforce, Zendesk, HubSpot, Freshdesk, Microsoft Dynamics'),
(51, 'Multichannel Support', 'Phone support, email support, live chat, social media customer service'),
(52, 'Customer Relationship Management', 'Client retention, follow-up strategies, personalized service, loyalty programs'),
(53, 'Product Knowledge', 'In-depth product expertise, understanding features, ability to explain benefits'),
(54, 'Time Management', 'Handling multiple requests, prioritizing tasks, meeting response time SLAs'),
(55, 'Emotional Intelligence', 'Empathy, patience, handling difficult customers, emotional resilience'),
(56, 'Customer Experience (CX)', 'Customer journey mapping, identifying customer pain points, feedback collection'),
(57, 'Technical Support Skills', 'Troubleshooting, technical documentation, understanding of software/hardware'),
(58, 'Conflict Resolution', 'Handling complaints, de-escalation techniques, maintaining professionalism'),
(59, 'Adaptability & Flexibility', 'Adjusting to new technologies, processes, or policies, managing change in customer needs'),
(60, 'Active Listening', 'Understanding customer needs, asking clarifying questions, rephrasing concerns'),
(61, 'Team Collaboration', 'Working with other departments (sales, tech support), escalating issues, providing feedback'),
(62, 'Service Recovery', 'Apologizing, compensating for service failures, ensuring customer satisfaction'),
(63, 'Customer Feedback & Surveys', 'Gathering customer insights, NPS (Net Promoter Score) analysis, feedback management'),
(64, 'Cultural Awareness', 'Understanding diverse customer backgrounds, offering tailored solutions, global communication skills'),
(65, 'Automation Tools', 'Chatbots, AI-based customer service, self-service solutions, knowledge base tools'),
(66, 'Clinical Skills', 'Patient assessment, diagnostics, vital signs monitoring, medication administration'),
(67, 'Nursing & Patient Care', 'Wound care, IV insertion, patient advocacy, elder care, pediatric care, palliative care'),
(68, 'Medical Technology', 'EHR (Electronic Health Records) systems (Epic, Cerner), medical imaging technology (MRI, CT, ultrasound)'),
(69, 'Telemedicine & Remote Care', 'Virtual consultations, remote monitoring, telehealth platforms, patient communication tools'),
(70, 'Pharmacy Skills', 'Prescription management, drug interactions, patient counseling, medication safety'),
(71, 'Mental Health Care', 'Counseling, crisis intervention, psychotherapy, mental health assessments, addiction support'),
(72, 'Surgical Assistance', 'Preoperative and postoperative care, sterile techniques, surgical instruments handling'),
(73, 'Laboratory Skills', 'Phlebotomy, lab test interpretation, specimen collection, lab equipment handling'),
(74, 'Rehabilitation & Physical Therapy', 'Physiotherapy techniques, exercise therapy, patient mobility, pain management'),
(75, 'Infection Control & Safety', 'Sterilization techniques, PPE protocols, infection prevention, public health guidelines'),
(76, 'Health Information Management', 'Coding and billing (ICD-10, CPT), patient data management, HIPAA compliance, medical transcription'),
(77, 'Geriatric Care', 'Long-term care, dementia care, mobility assistance, elder-specific health management'),
(78, 'Emergency Care', 'Triage, CPR, trauma care, emergency response protocols, life support certification'),
(79, 'Chronic Disease Management', 'Diabetes management, hypertension care, asthma/COPD care, patient education'),
(80, 'Health Education & Promotion', 'Patient health education, preventive care, nutrition counseling, wellness programs'),
(81, 'Leadership & Healthcare Administration', 'Healthcare management, budgeting, staff coordination, healthcare policy compliance'),
(82, 'Home Care & Personal Support', 'Assistance with daily activities, home health services, personal care aide skills'),
(83, 'Cultural Competency', 'Understanding diverse populations, providing tailored care, language and communication skills'),
(84, 'Medical Ethics & Legal Compliance', 'Patient rights, confidentiality, ethical decision-making, legal reporting (e.g., abuse, neglect)'),
(85, 'Health Informatics & Data Analysis', 'Data-driven decision-making, healthcare analytics, health data visualization, population health management'),
(86, 'Customer Service', 'Guest relations, problem-solving, conflict resolution, concierge services'),
(87, 'Communication Skills', 'Verbal communication, written communication, active listening, multilingualism'),
(88, 'Reservation & Booking Systems', 'PMS (Property Management Systems), GDS (Global Distribution Systems), OTA platforms (Booking.com, Expedia)'),
(89, 'Event Planning & Management', 'Event coordination, vendor management, budget management, on-site execution'),
(90, 'Food & Beverage Service', 'Menu planning, food safety, mixology, fine dining service, barista skills'),
(91, 'Housekeeping & Maintenance', 'Room cleaning, inventory management, quality control, health & safety standards'),
(92, 'Sales & Marketing', 'Travel promotions, upselling services, social media marketing, content creation'),
(93, 'Travel & Tourism Expertise', 'Destination knowledge, travel itineraries, tour guiding, vacation package design'),
(94, 'Hotel Management', 'Staff management, budget control, occupancy rate optimization, guest satisfaction'),
(95, 'Revenue Management', 'Yield management, pricing strategies, forecasting, occupancy analysis'),
(96, 'Culinary Skills', 'Food preparation, kitchen safety, cooking techniques, menu design'),
(97, 'Cultural Awareness', 'Understanding diverse guest backgrounds, providing tailored experiences, global etiquette'),
(98, 'Health & Safety Compliance', 'Food safety certifications, workplace safety regulations, COVID-19 protocols'),
(99, 'Travel Technology', 'Online booking tools, mobile apps, travel CRM systems, payment gateways'),
(100, 'Tourism Sustainability', 'Eco-tourism, sustainable travel practices, green certifications, environmental impact assessment'),
(101, 'Leadership & Team Management', 'Staff training, conflict resolution, scheduling, motivation, and team development'),
(102, 'Crisis Management', 'Handling emergencies, guest complaints, travel disruptions, safety protocols'),
(103, 'Luxury Service', 'VIP guest handling, personalized experiences, high-end service standards'),
(104, 'Foreign Language Proficiency', 'Proficiency in languages such as French, Spanish, Mandarin, German, or others relevant to tourism'),
(105, 'Travel Insurance Knowledge', 'Travel insurance products, claim management, policy advice to customers'),
(106, 'Logistics & Transportation', 'Coordination of transportation services, airport transfers, car rentals, tour buses'),
(107, 'Digital Skills', 'Social media marketing, online review management, digital reputation management'),
(108, 'Supply Chain Management', 'Inventory control, demand forecasting, procurement, supplier relationship management'),
(109, 'Logistics & Transportation', 'Freight management, route optimization, fleet management, third-party logistics (3PL)'),
(110, 'Warehouse Management', 'Inventory tracking, warehouse automation, space optimization, picking and packing'),
(111, 'Data Analysis & Forecasting', 'Predictive analytics, demand forecasting, data interpretation, trend analysis'),
(112, 'ERP Systems Proficiency', 'SAP, Oracle ERP, Microsoft Dynamics, JD Edwards, Infor'),
(113, 'Procurement & Sourcing', 'Strategic sourcing, supplier evaluation, contract negotiation, cost management'),
(114, 'Inventory Management', 'Stock control, safety stock management, just-in-time (JIT) inventory, ABC analysis'),
(115, 'Supplier Relationship Management', 'Supplier performance evaluation, vendor development, long-term sourcing strategies'),
(116, 'Risk Management', 'Supply chain risk assessment, contingency planning, disaster recovery, risk mitigation'),
(117, 'Global Trade & Compliance', 'Import/export regulations, customs documentation, free trade agreements, trade compliance'),
(118, 'Lean & Six Sigma', 'Process improvement, waste reduction, Lean methodologies, Six Sigma certification'),
(119, 'Sustainability & Green Supply Chain', 'Eco-friendly sourcing, carbon footprint reduction, circular economy, sustainable logistics'),
(120, 'Distribution & Fulfillment', 'Order fulfillment, e-commerce logistics, last-mile delivery, reverse logistics'),
(121, 'Automation & Technology Integration', 'Robotics in logistics, IoT in supply chain, AI-driven supply chain optimization'),
(122, 'Blockchain in Supply Chain', 'Transparency, traceability, blockchain implementation for supply chain visibility'),
(123, 'Customer Relationship Management (CRM)', 'Customer demand forecasting, service level agreements (SLAs), customer satisfaction strategies'),
(124, 'Cost Reduction Strategies', 'Cost-benefit analysis, total cost of ownership (TCO), value chain optimization'),
(125, 'Transportation Management Systems (TMS)', 'Route planning, carrier management, shipment tracking, real-time visibility'),
(126, 'Ethical Sourcing', 'Fair trade practices, labor rights, responsible sourcing, corporate social responsibility'),
(127, 'E-commerce & Omni-channel Logistics', 'E-commerce platforms, multi-channel distribution, fulfillment center management'),
(128, 'Inventory Optimization', 'Stock turnover ratio, demand-driven replenishment, inventory audits, cycle counting'),
(129, 'Project Management', 'Supply chain project planning, execution, resource allocation, stakeholder coordination'),
(130, 'Financial Acumen in Supply Chain', 'Budgeting, cost control, supply chain finance, working capital optimization'),
(131, 'Collaboration & Communication', 'Cross-functional collaboration, supplier coordination, internal communication'),
(132, 'Financial Reporting', 'GAAP, IFRS, financial statement preparation, cash flow analysis, financial audits'),
(133, 'Budgeting & Forecasting', 'Financial planning, variance analysis, budgeting software (Adaptive Insights, Anaplan)'),
(134, 'Taxation', 'Tax compliance, corporate tax, tax planning, GST/HST, payroll taxes, tax software (TurboTax, ProFile)'),
(135, 'Cost Accounting', 'Cost analysis, activity-based costing (ABC), job costing, variance analysis'),
(136, 'Audit & Assurance', 'Internal and external audits, audit reporting, SOX compliance, risk assessment'),
(137, 'Financial Analysis', 'Ratio analysis, trend analysis, financial modeling, profitability analysis'),
(138, 'Accounts Payable & Receivable', 'Invoice management, collections, payment processing, reconciliation, vendor management'),
(139, 'General Ledger Management', 'Journal entries, account reconciliation, trial balance, chart of accounts'),
(140, 'ERP Systems Proficiency', 'SAP, Oracle, Microsoft Dynamics, NetSuite, QuickBooks'),
(141, 'Compliance & Regulatory Reporting', 'Sarbanes-Oxley (SOX), anti-money laundering (AML), tax compliance, financial regulations'),
(142, 'Payroll Management', 'Payroll processing, benefits administration, compliance with labor laws, payroll systems (ADP, Payworks)'),
(143, 'Financial Planning & Analysis (FP&A)', 'Financial forecasting, budgeting, variance analysis, business strategy alignment'),
(144, 'Investment & Portfolio Management', 'Asset allocation, investment analysis, portfolio performance tracking, risk management'),
(145, 'Capital Markets & Treasury', 'Liquidity management, cash flow forecasting, currency risk management, capital structure optimization'),
(146, 'Risk Management', 'Credit risk, market risk, operational risk, financial risk mitigation strategies'),
(147, 'Corporate Finance', 'Mergers & acquisitions, capital raising, debt structuring, financial due diligence'),
(148, 'Data Analysis & Financial Modeling', 'Excel (advanced), financial modeling, data visualization, scenario analysis, business intelligence tools (Power BI, Tableau)'),
(149, 'Ethics & Integrity in Finance', 'Ethical standards in financial reporting, transparency, accountability'),
(150, 'Accounts Reconciliation', 'Bank reconciliation, ledger reconciliation, variance resolution, account analysis'),
(151, 'Sustainability Accounting', 'ESG (Environmental, Social, and Governance) reporting, sustainability metrics, integrated reporting'),
(152, 'Financial Software Proficiency', 'QuickBooks, Xero, Sage, FreshBooks, Zoho Books'),
(153, 'Project Accounting', 'Project-based financial reporting, job costing, project budgets, contract billing'),
(154, 'Strategic Financial Management', 'Long-term financial planning, corporate strategy, resource allocation'),
(155, 'Debt & Credit Management', 'Credit analysis, loan management, debt restructuring, interest rate risk management'),
(156, 'Recruitment & Talent Acquisition', 'Sourcing strategies, interview techniques, applicant tracking systems (ATS), onboarding'),
(157, 'Employee Relations', 'Conflict resolution, employee engagement, grievance handling, mediation'),
(158, 'Performance Management', 'Performance appraisals, goal setting, feedback delivery, performance improvement plans'),
(159, 'HR Compliance & Legal', 'Employment laws, labor regulations, workplace safety, HR policies and procedures'),
(160, 'Compensation & Benefits', 'Salary benchmarking, benefits administration, payroll management, incentive programs'),
(161, 'Training & Development', 'Learning needs analysis, training program design, e-learning tools, career development'),
(162, 'Organizational Development', 'Change management, organizational design, team building, leadership development'),
(163, 'HR Analytics & Reporting', 'HR metrics, data analysis, reporting tools (HRIS, Excel), workforce planning'),
(164, 'Employee Health & Well-being', 'Wellness programs, mental health support, work-life balance initiatives'),
(165, 'HR Information Systems (HRIS)', 'System implementation, data management, HR software (Workday, SuccessFactors, BambooHR)'),
(166, 'Diversity & Inclusion', 'DEI (Diversity, Equity, Inclusion) initiatives, bias training, inclusive recruitment practices'),
(167, 'Talent Management', 'Succession planning, career pathing, high-potential employee development'),
(168, 'Strategic HR Planning', 'Aligning HR strategy with business goals, workforce planning, strategic initiatives'),
(169, 'Legal & Ethical Issues', 'HR ethics, confidentiality, compliance with employment laws, handling sensitive information'),
(170, 'Employee Engagement', 'Surveys and feedback mechanisms, engagement strategies, recognition programs'),
(171, 'Labor Relations', 'Union negotiations, collective bargaining, labor contract administration'),
(172, 'Workforce Planning', 'Staffing needs analysis, resource allocation, succession planning'),
(173, 'Cultural Competency', 'Understanding diverse workforce needs, cross-cultural communication, global HR practices'),
(174, 'HR Project Management', 'Project planning, implementation, stakeholder management, change management'),
(175, 'HR Policies & Procedures', 'Policy development, procedural documentation, compliance enforcement'),
(176, 'Talent Development & Coaching', 'Coaching techniques, mentoring programs, skill development'),
(177, 'Recruitment Technology', 'Familiarity with AI in recruitment, applicant tracking systems, social recruiting platforms'),
(178, 'Employee Retention', 'Retention strategies, career development plans, employee feedback integration'),
(179, 'Crisis Management', 'Handling workplace emergencies, HR response plans, communication strategies'),
(180, 'Structural Engineering', 'Structural analysis, load calculations, design of steel and concrete structures, CAD software (AutoCAD, Revit)'),
(181, 'Geotechnical Engineering', 'Soil testing, foundation design, slope stability, geotechnical investigation'),
(182, 'Transportation Engineering', 'Traffic analysis, road design, transportation planning, highway engineering'),
(183, 'Environmental Engineering', 'Environmental impact assessments, water treatment, waste management, sustainability practices'),
(184, 'Construction Management', 'Project management, cost estimation, construction scheduling, contract management'),
(185, 'Hydraulics & Hydrology', 'Hydraulic modeling, flood risk assessment, water resource management, stormwater management'),
(186, 'Civil Engineering Design', 'Site design, drainage systems, urban infrastructure planning, design software (Civil 3D, MicroStation)'),
(187, 'Building Codes & Standards', 'Knowledge of Canadian building codes, safety regulations, industry standards'),
(188, 'Surveying & Mapping', 'Land surveying, GIS (Geographic Information Systems), topographic mapping, field data collection'),
(189, 'Project Planning & Execution', 'Project lifecycle management, resource allocation, risk management, scheduling tools (MS Project, Primavera)'),
(190, 'Materials Science', 'Concrete technology, material testing, durability analysis, construction materials selection'),
(191, 'Structural Health Monitoring', 'Condition assessment, structural inspections, monitoring technologies, repair techniques'),
(192, 'Environmental Regulations', 'Compliance with environmental laws, pollution control, regulatory reporting'),
(193, 'Computer-Aided Design (CAD)', 'Proficiency in CAD software, 3D modeling, BIM (Building Information Modeling)'),
(194, 'Energy Efficiency', 'Green building practices, energy modeling, sustainable design principles'),
(195, 'Safety Management', 'Workplace safety protocols, hazard assessment, construction site safety'),
(196, 'Water Resources Engineering', 'Water distribution systems, hydraulic engineering, water conservation practices'),
(197, 'Quality Assurance & Control', 'Quality management systems, inspection techniques, compliance with specifications'),
(198, 'Collaboration & Communication', 'Team collaboration, stakeholder communication, interdisciplinary coordination'),
(199, 'Regulatory Compliance', 'Adherence to municipal, provincial, and federal regulations, permitting processes'),
(200, 'Advanced Engineering Software', 'Experience with specialized software (SAP2000, STAAD.Pro, ETABS)'),
(201, 'Construction Techniques', 'Knowledge of modern construction methods, prefabrication, sustainable building practices'),
(202, 'Thermodynamics', 'Heat transfer, energy systems, refrigeration cycles, thermal analysis'),
(203, 'Fluid Mechanics', 'Fluid dynamics, hydraulic systems, pumps and valves, computational fluid dynamics (CFD)'),
(204, 'Mechanical Design', 'CAD software (SolidWorks, AutoCAD, CATIA), 3D modeling, design for manufacturability'),
(205, 'Materials Science', 'Material selection, properties of metals, polymers, ceramics, composites'),
(206, 'Manufacturing Processes', 'CNC machining, additive manufacturing, welding, casting, fabrication techniques'),
(207, 'Structural Analysis', 'Stress and strain analysis, finite element analysis (FEA), structural integrity'),
(208, 'Control Systems', 'Automation, PLC programming, control theory, robotics, instrumentation'),
(209, 'Heat Transfer', 'Conduction, convection, radiation, heat exchangers, thermal insulation'),
(210, 'HVAC Systems', 'Heating, ventilation, air conditioning design, HVAC controls, energy efficiency'),
(211, 'Mechanical Systems Design', 'System integration, mechanical components, reliability engineering, vibration analysis'),
(212, 'Project Management', 'Project planning, scheduling, resource management, budgeting, risk management'),
(213, 'Simulation & Testing', 'Performance testing, prototype evaluation, simulation tools (ANSYS, COMSOL)'),
(214, 'Energy Systems', 'Renewable energy, power generation, energy efficiency, energy conservation'),
(215, 'Engineering Mechanics', 'Statics, dynamics, mechanical vibrations, kinematics'),
(216, 'Robotics & Automation', 'Robot design, automation systems, robotics programming, mechatronics'),
(217, 'System Integration', 'Integration of mechanical, electrical, and software systems, multidisciplinary approach'),
(218, 'Engineering Software Proficiency', 'Experience with software (MATLAB, Simulink, LabVIEW), data analysis tools'),
(219, 'Quality Control', 'Quality assurance, inspection techniques, compliance with standards and regulations'),
(220, 'Maintenance & Reliability', 'Predictive maintenance, reliability analysis, fault detection, maintenance planning'),
(221, 'Engineering Ethics & Compliance', 'Adherence to ethical standards, regulatory compliance, safety protocols'),
(222, 'Collaboration & Communication', 'Team collaboration, interdisciplinary communication, stakeholder management'),
(223, 'Problem-Solving', 'Analytical thinking, troubleshooting, root cause analysis, innovative solutions'),
(224, 'Sustainable Engineering', 'Green design principles, sustainable practices, lifecycle analysis'),
(225, 'Customer Service', 'Effective communication, conflict resolution, active listening, customer engagement'),
(226, 'Sales Skills', 'Upselling, cross-selling, product knowledge, closing techniques'),
(227, 'Inventory Management', 'Stock control, inventory tracking systems, demand forecasting, order management'),
(228, 'Visual Merchandising', 'Store layout design, product displays, merchandising techniques, promotional signage'),
(229, 'Point of Sale (POS) Systems', 'Familiarity with POS software, payment processing, transaction management'),
(230, 'Data Analysis', 'Sales data analysis, customer behavior analysis, performance metrics, reporting tools'),
(231, 'Retail Operations Management', 'Store operations, staff scheduling, compliance with policies, loss prevention strategies'),
(232, 'E-commerce & Omnichannel Retailing', 'Online sales platforms, integration of online and in-store experiences, digital marketing'),
(233, 'Marketing & Promotion', 'Campaign development, promotional strategies, social media marketing, customer outreach'),
(234, 'Product Knowledge', 'In-depth understanding of products/services, competitor analysis, industry trends'),
(235, 'Team Leadership', 'Staff training and development, team motivation, performance management'),
(236, 'Financial Acumen', 'Budgeting, profit and loss analysis, cost control, financial reporting'),
(237, 'Supply Chain Management', 'Understanding supply chain processes, logistics coordination, vendor management'),
(238, 'Regulatory Compliance', 'Knowledge of retail laws, health and safety regulations, consumer protection laws'),
(239, 'Technology Proficiency', 'Familiarity with retail software, mobile apps, and technology tools for retail management'),
(240, 'Customer Relationship Management (CRM)', 'CRM software proficiency, customer engagement strategies, loyalty programs'),
(241, 'Cultural Competency', 'Understanding diverse customer needs'),
(242, 'Time Management', 'Prioritizing tasks, meeting deadlines, efficient multitasking'),
(243, 'Problem-Solving', 'Critical thinking, troubleshooting, effective decision-making'),
(244, 'Adaptability & Flexibility', 'Ability to respond to changing market trends, customer preferences, and retail environments'),
(245, 'Networking Skills', 'Building relationships with suppliers, industry networking, community engagement'),
(246, 'Sales Forecasting', 'Market trend analysis, demand planning, sales projections'),
(247, 'Training & Development', 'Conducting training sessions, developing onboarding programs, performance evaluations');

-- --------------------------------------------------------

--
-- Table structure for table `universities`
--

CREATE TABLE `universities` (
  `university_id` int(11) NOT NULL,
  `university_name` varchar(500) NOT NULL
) ENGINE=InnoDB DEFAULT CHARSET=utf8mb4 COLLATE=utf8mb4_general_ci;

--
-- Dumping data for table `universities`
--

INSERT INTO `universities` (`university_id`, `university_name`) VALUES
(1, 'A1-Global College of Health, Business, and Technology'),
(2, 'ABC Access Business College'),
(3, 'ABM College of Health and Technology'),
(4, 'Académie de Dessin de Mode Richard Robinson Academy of Fashion Design'),
(5, 'Academy of Applied Pharmaceutical Sciences (AAPS) Inc.'),
(6, 'Academy of Excellence Hair Design & Aesthetics Ltd.'),
(7, 'Academy of Learning'),
(8, 'Academy of Learning Career and Business College'),
(9, 'Academy of Learning College'),
(10, 'Academy of Learning College - Abbotsford'),
(11, 'Academy of Learning College - Langley'),
(12, 'Academy of Learning College - Victoria'),
(13, 'Academy of Learning College – Richmond'),
(14, 'Academy of Learning College – Surrey'),
(15, 'Academy of Learning College – Vancouver – Broadway'),
(16, 'Acadia College'),
(17, 'ACE Acumen Academy'),
(18, 'ACE Community College'),
(19, 'Acsenda School of Management'),
(20, 'Adler Graduate Professional School'),
(21, 'Adler University'),
(22, 'Advantage English School E/J'),
(23, 'Affirm College of Healthcare, Culinary Arts, Business and Technology'),
(24, 'Ahmadiyya Muslim Jama’at Canada Inc.'),
(25, 'AIMS College Healthcare Management Technology'),
(26, 'Ajna Yoga Teacher Training'),
(27, 'Alexander College'),
(28, 'Algoma University'),
(29, 'Algonquin Careers Academy'),
(30, 'Algonquin College'),
(31, 'Algonquin College at CDI College Business, Technology and Healthcare'),
(32, 'All Body Laser Corp. Training Institute'),
(33, 'Alpha College of Business and Technology'),
(34, 'Anderson College of Health, Business and Technology'),
(35, 'Anderson College, Health, Business & Technology'),
(36, 'APlus Institute'),
(37, 'Arbutus College of Communication Arts, Business & Technology'),
(38, 'Art & Technique Academy of Hairstyling and Esthetics'),
(39, 'ARV Canada College'),
(40, 'Ashton College'),
(41, 'Atlantic Career College'),
(42, 'Automotive Training Centre'),
(43, 'Avalon Community College'),
(44, 'Avola College Of Hairstyling and Esthetics'),
(45, 'Barclay College'),
(46, 'Bay College of Health Business and Technology'),
(47, 'Bayswater Toronto'),
(48, 'Bayswater Vancouver'),
(49, 'Beauty Institute Canada'),
(50, 'Beta College of Business and Technology'),
(51, 'BITTS International Career College'),
(52, 'BizTech College of Health Sciences, Business & Technology'),
(53, 'Blanche Macdonald Centre'),
(54, 'Brampton Flight Centre'),
(55, 'Brampton Skin Care Academy Inc.'),
(56, 'Brantford Aviation College'),
(57, 'Brighton College'),
(58, 'British Columbia Institute of Technology'),
(59, 'Brock University'),
(60, 'Bryan College of Applied Health & Business Sciences'),
(61, 'Business and Technical Training College Inc.'),
(62, 'C.C.E.C. Canadian Career Education College Ltd'),
(63, 'Cambria College'),
(64, 'Cambrian College of Applied Arts and Technology'),
(65, 'Cambrian College of Applied Arts and Technology at Hanson College of Business, Health and Technology'),
(66, 'Cambridge College'),
(67, 'Camosun College'),
(68, 'Can-AIM Careers Academy'),
(69, 'Can-Quest ESL Academy'),
(70, 'Canada Aviation Academy'),
(71, 'Canada Christian College & School of Graduate Theological Studies'),
(72, 'Canada College of Arts and Business'),
(73, 'Canada College of Education'),
(74, 'Canada Y.C. Music Academy'),
(75, 'Canada’s National Ballet School'),
(76, 'Canadian Academy of Dental Health & Community Sciences'),
(77, 'Canadian All Care College'),
(78, 'Canadian Automotive & Trucking Institute'),
(79, 'Canadian Aviation College'),
(80, 'Canadian Beauty College'),
(81, 'Canadian Business College'),
(82, 'Canadian Business Skills College of Technology'),
(83, 'Canadian Care Academy Inc'),
(84, 'Canadian Casino Gaming College Ltd.'),
(85, 'Canadian Chinese School of Theology Vancouver'),
(86, 'Canadian College'),
(87, 'Canadian College for Higher Studies'),
(88, 'Canadian College of Business, Science & Technology'),
(89, 'Canadian College of Educators'),
(90, 'Canadian College of English Language'),
(91, 'Canadian College of Health, Science and Technology'),
(92, 'Canadian College of Healthcare and Pharmaceutics'),
(93, 'Canadian College of Homeopathic Medicine'),
(94, 'Canadian College of Naturopathic Medicine'),
(95, 'Canadian College of Naturopathic Medicine – Boucher'),
(96, 'Canadian College of Performing Arts'),
(97, 'Canadian College of Shiatsu Therapy'),
(98, 'Canadian College of Technology and Business'),
(99, 'Canadian College of Traditional Chinese Medicine'),
(100, 'Canadian Flight Centre (CFC)'),
(101, 'Canadian Flyers International College'),
(102, 'Canadian Forces College'),
(103, 'Canadian International Career College'),
(104, 'Canadian Memorial Chiropractic College (CMCC)'),
(105, 'Canadian National Institute of Business'),
(106, 'Canadian National Institute of Health Inc.'),
(107, 'Canadian Natural Therapist and Aesthetics Academy'),
(108, 'Canadian Reformed Theological Seminary'),
(109, 'Canadian School of Natural Nutrition'),
(110, 'Canadian School of Natural Nutrition Vancouver Island'),
(111, 'Canadian School of Osteopathy Manual Practice - Vancouver'),
(112, 'Canadian Scitech College'),
(113, 'Canadian Southwestern College'),
(114, 'Canadian Sports Business Academy'),
(115, 'Canadian Technical and Management College'),
(116, 'Canadian Tourism College'),
(117, 'Canadore College'),
(118, 'Canadore College at Stanford International College of Business and Technology'),
(119, 'Canadore College of Applied Arts and Technology'),
(120, 'CanNorth College of Health, Business and Technology'),
(121, 'CanPacific College of Business and English Inc.'),
(122, 'Capilano University'),
(123, 'Capital College'),
(124, 'Capital English Solutions and Mentora College of Business & Technology'),
(125, 'Career City College'),
(126, 'Career College Group'),
(127, 'CareerQuest Inc.'),
(128, 'Carleton University'),
(129, 'CDI College of Business, Technology and Healthcare'),
(130, 'Centennial College'),
(131, 'Central College'),
(132, 'Central College of Business and Technology'),
(133, 'Central Health Institute Inc.'),
(134, 'Centre for Arts and Technology'),
(135, 'Centre of English Studies'),
(136, 'Certcana Systems Institute'),
(137, 'Cestar College of Business Health & Technology'),
(138, 'Chartered Professional Accountants of British Columbia (CPABC)'),
(139, 'Chef School'),
(140, 'Chellsey Institute of Beauty and Health Inc.'),
(141, 'Chinook Helicopters (1982) Ltd.'),
(142, 'CIMT College'),
(143, 'CITI College of Canadian Careers'),
(144, 'City College of Business, Health & Technology'),
(145, 'City University of Seattle'),
(146, 'CJ Health Care College'),
(147, 'CLI College of Business, Health & Technology'),
(148, 'CLLC Inc.'),
(149, 'Cloud Nine College Ltd.'),
(150, 'CMU College of Makeup Art and Design'),
(151, 'Coast Mountain College'),
(152, 'Coastal College of British Columbia'),
(153, 'Coastal Pacific Aviation Ltd.'),
(154, 'CodeCore'),
(155, 'Collège Boréal'),
(156, 'Collège Éducacentre'),
(157, 'College of Health Studies'),
(158, 'College of New Caledonia'),
(159, 'College of the Rockies'),
(160, 'College of Traditional Chinese Medicine Canada'),
(161, 'Columbia Bible College'),
(162, 'Columbia College'),
(163, 'Columbia Paramedic Academy'),
(164, 'Computek College of Business Healthcare and Technology'),
(165, 'Conbridge College of Business and Technology'),
(166, 'Concordia Lutheran Theological Seminary (Brock University)'),
(167, 'Conestoga College'),
(168, 'Confederation College'),
(169, 'Connect International School'),
(170, 'Conrad Grebel University College'),
(171, 'Coquitlam College'),
(172, 'Cornerstone International Community College of Canada'),
(173, 'Cornwall Aviation (1979) Ltd.'),
(174, 'Corpus Christi College'),
(175, 'CRD College of Health Care'),
(176, 'Create Career College'),
(177, 'Creative Minds Early Learning Society'),
(178, 'CTS Canadian Career College'),
(179, 'CTS Canadian Career College Inc'),
(180, 'Dan Robert College of Health Care'),
(181, 'DEA Canadian College'),
(182, 'Diamond Flight Centre London Inc.'),
(183, 'Discovery Community College'),
(184, 'DiveSafe International'),
(185, 'Diving Dynamics – Home of the Commercial Diving Institute of Canada (CDI)'),
(186, 'Dominican University College'),
(187, 'Dominion College of Business Health and Technology Inc.'),
(188, 'Dominion Herbal College'),
(189, 'Don Mills Career College for Health, Business and Technology'),
(190, 'Dorset College'),
(191, 'Douglas College'),
(192, 'Drake Medox College'),
(193, 'Durham College'),
(194, 'Durham Flight Centre Inc.'),
(195, 'Eastview College Business Health Technology'),
(196, 'EC Toronto'),
(197, 'EC Vancouver'),
(198, 'Eden College of Business and Health'),
(199, 'Edge Academy'),
(200, 'Edison College Canada'),
(201, 'EduGlobal College'),
(202, 'EF International Language Campus'),
(203, 'EF International Language Centres'),
(204, 'Eight Branches Inc.'),
(205, 'Eikonic Academy of Barbering and Beauty'),
(206, 'Elite College of Business and Healthcare ON'),
(207, 'Elite Royal International Career College'),
(208, 'Emily Carr University of Art and Design'),
(209, 'Emmanuel Bible College'),
(210, 'Emmanuel College of Victoria University'),
(211, 'Empire College Canada of Health and Business Inc.'),
(212, 'English Encounters Inc.'),
(213, 'Epic College of Technology Inc.'),
(214, 'Ethnos Canada'),
(215, 'Eton College'),
(216, 'Evergreen College'),
(217, 'Excel Career College'),
(218, 'Fairleigh Dickinson University (Vancouver)'),
(219, 'FaithWay Baptist College of Canada'),
(220, 'Fanshawe College'),
(221, 'Fanshawe College at ILAC International College'),
(222, 'First College'),
(223, 'Flair College of Management and Technology'),
(224, 'Fleming College'),
(225, 'Fleming College at Trebas Institute Ontario Inc.'),
(226, 'Focus College'),
(227, 'Foundation for Montessori Education'),
(228, 'Fraser Coastal International College'),
(229, 'Fraser International College'),
(230, 'Freedom College of Business Healthcare and Technology Inc'),
(231, 'Futures Canadian College of Business, Health and Technology'),
(232, 'Gastown Business College'),
(233, 'Gateway College'),
(234, 'George Brown College'),
(235, 'Georgian College'),
(236, 'Georgian College at ILAC International College'),
(237, 'GEOS Languages Plus'),
(238, 'Gestalt Institute of Toronto'),
(239, 'Glenn College'),
(240, 'Global College'),
(241, 'Global Village Victoria'),
(242, 'Glow College of Artistic Design'),
(243, 'Goh Ballet Academy'),
(244, 'Granville College'),
(245, 'Great Lakes Helicopter Corp.'),
(246, 'Greystone College of Business and Technology'),
(247, 'Greystone College of Business and Technology (Toronto) Inc.'),
(248, 'Hamilton Institute for Health Personnel'),
(249, 'Hansa Language Centre'),
(250, 'Hanson College'),
(251, 'Hanson College of Business, Health and Technology'),
(252, 'Harris Institute'),
(253, 'Heartland International English School'),
(254, 'Helicopters Canada'),
(255, 'Heritage College & Seminary'),
(256, 'Heritage Community College'),
(257, 'Herzing College'),
(258, 'Humber College'),
(259, 'Humber International Graduate School'),
(260, 'Huron University College'),
(261, 'IBT College Business Travel & Tourism Technology'),
(262, 'IH Career College'),
(263, 'ILAC - International Language Academy of Canada'),
(264, 'ILAC International College'),
(265, 'ILAC International College Ltd o/a ILAC International College'),
(266, 'ILSC Toronto'),
(267, 'ILSC Vancouver'),
(268, 'In Focus Film School'),
(269, 'Infofit Educators'),
(270, 'inlingua Victoria College of Languages'),
(271, 'Insignia College'),
(272, 'Institute for Advanced Judaic Studies'),
(273, 'Institute for Christian Studies'),
(274, 'Institute of Machine Tool Technology'),
(275, 'Institute of Technology Development of Canada (ITD)'),
(276, 'Interior Academy'),
(277, 'International Beauty Institute'),
(278, 'International Business University'),
(279, 'International Centre for English for Academic Preparation Inc'),
(280, 'International Centre for English for Academic Preparation Inc.'),
(281, 'International Flight Centre Inc.'),
(282, 'International Gateway Language Academy and College - Kelowna'),
(283, 'International House Vancouver'),
(284, 'International Institute of Travel and Business'),
(285, 'International Language Academy of Canada (ILAC)'),
(286, 'International Test Pilots School'),
(287, 'Island Coastal Aviation Inc.'),
(288, 'ISS Language and Career College of BC'),
(289, 'iTTTi Vancouver'),
(290, 'JCI Institute'),
(291, 'JoinAir Helicopters'),
(292, 'JRS College of Business and Health Care Inc'),
(293, 'Justice Institute of British Columbia'),
(294, 'Jyot’s Aesthetics Academy'),
(295, 'Kaplan International Languages'),
(296, 'Kelowna College of Professional Counselling'),
(297, 'Keystone College Ltd.'),
(298, 'Kikkawa College'),
(299, 'King’s University College'),
(300, 'KLC College: Healthcare, Business, Education'),
(301, 'Knox College'),
(302, 'Kootenay Columbia College'),
(303, 'Kosmetae Academy'),
(304, 'Kutenai Art Therapy Institute'),
(305, 'Kwantlen Polytechnic University'),
(306, 'La Cité collégiale'),
(307, 'Lakehead University'),
(308, 'Lambton College'),
(309, 'Lambton College at Cestar College of Business Health & Technology'),
(310, 'Lambton College at Queen\'s College of Business, Technology & Public Safety'),
(311, 'Langara College'),
(312, 'Langley Flying School'),
(313, 'Language Studies International (Canada) Ltd.'),
(314, 'Language Studies International (LSI)'),
(315, 'LaSalle College Vancouver'),
(316, 'Laurentian University'),
(317, 'LCI Language School'),
(318, 'Le Cordon Bleu Ottawa Culinary Arts Institute'),
(319, 'Legends Academy'),
(320, 'Liaison College'),
(321, 'Liaison College at Pasqualino'),
(322, 'Lighthouse Labs'),
(323, 'London Language Institute'),
(324, 'Looks Aesthetic Academy'),
(325, 'Lost Boys Studios - School of Visual Effects'),
(326, 'Loyalist College'),
(327, 'Loyalist College at Toronto Business College'),
(328, 'M.C. College'),
(329, 'MacMillian Institute of Applied Health Sciences'),
(330, 'Madlab School of Fitness'),
(331, 'MAG Canada'),
(332, 'Marca College of Hair and Esthetics'),
(333, 'Master’s College and Seminary'),
(334, 'Max the Mutt College of Animation, Art & Design'),
(335, 'McMaster Divinity College'),
(336, 'McMaster University'),
(337, 'Mennonite Brethren Biblical Seminary'),
(338, 'Metalworks Institute of Sound & Music Production'),
(339, 'Metro College of Technology'),
(340, 'Metrocare Health Academy'),
(341, 'Metropolitan Community College'),
(342, 'Miami Ad School Toronto'),
(343, 'Millar College of the Bible'),
(344, 'Mississauga Career College'),
(345, 'MLC College of Business, Technology and Healthcare'),
(346, 'Mohawk College'),
(347, 'Mohawk College of Applied Arts and Technology at triOS College Business Technology Healthcare Inc'),
(348, 'Montair'),
(349, 'Montessori Training Centre of British Columbia'),
(350, 'Mountain Transport Institute Ltd. Castlegar'),
(351, 'Multihexa College BC'),
(352, 'National Academy of Health & Business'),
(353, 'National Helicopters Inc'),
(354, 'National Institute of Hairstyling and Advanced Aesthetics'),
(355, 'Native Education and Training College (NETC)'),
(356, 'Ner Israel Joseph (J.T.) Tanenbaum Yeshivah College of Toronto'),
(357, 'NetPlus College of Information Technology'),
(358, 'Netsoft College of Technology'),
(359, 'New Image College'),
(360, 'New Link College'),
(361, 'New York Institute of Technology'),
(362, 'Newcastle College of Business & Technology'),
(363, 'NewCastle College of Business and Technology'),
(364, 'Niagara College Canada'),
(365, 'Niagara College Canada at Toronto School of Management'),
(366, 'Niagara University'),
(367, 'Nicola Valley Institute of Technology'),
(368, 'Nipissing University'),
(369, 'North American Business College of Sciences & Language'),
(370, 'North American College of Information Technology'),
(371, 'North American College of Pharmaceutical Technology'),
(372, 'North American School of Information Technology Inc. (NASIT)'),
(373, 'North Island College'),
(374, 'Northeastern University'),
(375, 'Northern College'),
(376, 'Northern College at Pures College of Technology'),
(377, 'Northern Lights College'),
(378, 'Northwest Baptist Seminary'),
(379, 'Northwest Culinary Academy of Vancouver'),
(380, 'NPC College of Arts & Design'),
(381, 'Oakleaf College of Business And Technology'),
(382, 'OCAD University'),
(383, 'OIEG Oxford International Education Group'),
(384, 'Okanagan College'),
(385, 'Okanagan Mountain Helicopters FTU Ltd.'),
(386, 'Okanagan Valley College of Massage Therapy Ltd.'),
(387, 'Omni College'),
(388, 'On The Mic Training'),
(389, 'Ontario Association of Jungian Analysts Training Programme'),
(390, 'Ontario College of Business & Technology'),
(391, 'Ontario College of Health and Technology'),
(392, 'Ontario College of Management and Technology'),
(393, 'Ontario College of Technology'),
(394, 'Ontario College of Traditional Chinese Medicine'),
(395, 'Ontario Institute of Audio Recording Technology'),
(396, 'Ontario Psychotherapy and Counseling Program'),
(397, 'Ontario School of Commerce and Technology'),
(398, 'Ontario Tech University'),
(399, 'OptionTrain College of Management and Technology'),
(400, 'Orane International College'),
(401, 'Oshio College of Acupuncture and Herbology'),
(402, 'Osilla Institute for Health Personnel Ltd.'),
(403, 'Ottawa School of Art / École d’art d’Ottawa'),
(404, 'Ottawa School of Beauty Limited'),
(405, 'Our Lady Seat of Wisdom College'),
(406, 'Oxford College of Arts, Business & Technology Inc.'),
(407, 'Oxford College of Arts, Business and Technology Inc.'),
(408, 'Pacific DanceArts'),
(409, 'Pacific Design Academy'),
(410, 'Pacific Flying Club'),
(411, 'Pacific Institute of Culinary Arts'),
(412, 'Pacific Life Bible College'),
(413, 'Pacific Link College'),
(414, 'Pacific Rim Aviation Academy Inc.'),
(415, 'Pacific Rim College'),
(416, 'Pacific Rim Early Childhood Institute Inc.'),
(417, 'Pan Canada College'),
(418, 'Peak Healthcare Private College'),
(419, 'Pearson College UWC'),
(420, 'Peel College of Professional Studies'),
(421, 'Petrel College of Technology'),
(422, 'Pharma-Medical Science College of Canada'),
(423, 'Prime International College of Healthcare and Technology'),
(424, 'Principal Air'),
(425, 'Professional Flight Centre'),
(426, 'Protégé School'),
(427, 'Pures College of Technology'),
(428, 'Quantum College'),
(429, 'Queen’s College of Business, Technology & Public Safety'),
(430, 'Queen\'s Language School'),
(431, 'Queen’s University'),
(432, 'Quest Language Studies'),
(433, 'Quest University Canada'),
(434, 'RAC Digital Arts College, Recording Arts Canada'),
(435, 'Randolph College for the Performing Arts'),
(436, 'Redeemer University'),
(437, 'Regent College'),
(438, 'Regis College'),
(439, 'Renison University College'),
(440, 'Rhodes Wellness College Ltd.'),
(441, 'Royal Bridge College'),
(442, 'Royal Byng College'),
(443, 'Royal Canadian College of Massage Therapy Inc.'),
(444, 'Royal Canadian Institute of International Studies'),
(445, 'Royal Crown College of Business and Technology'),
(446, 'Royal Metro College'),
(447, 'Royal Military College of Canada'),
(448, 'Royal Roads University'),
(449, 'Rudolf Steiner College Canada for Anthroposophy *Waldorf Education* Arts'),
(450, 'SAE Institute'),
(451, 'Sault College'),
(452, 'Sault College of Applied Arts and Technology at Trios College'),
(453, 'Sault College of Applied Arts and Technology at Trios College Business Technology Healthcare Inc.'),
(454, 'School of Photographic Arts Ottawa'),
(455, 'Sea Land Air Flight Centre'),
(456, 'SELC College'),
(457, 'SELC Language College'),
(458, 'Selkirk College'),
(459, 'Seminary of Christ the King'),
(460, 'Seneca College'),
(461, 'Senniyo Aesthetics International School of Canada Inc.'),
(462, 'Sheridan College'),
(463, 'Sheridan College at Canadian College of Technology and Trades'),
(464, 'Simon Fraser University (SFU)'),
(465, 'Six Nations Polytechnic'),
(466, 'SkyQuest Aviation Ltd.'),
(467, 'Sol Schools International'),
(468, 'Southeast College'),
(469, 'Southern Ontario Dental College'),
(470, 'Spectrum Airways'),
(471, 'Springfield College of Healthcare, Management & Technology'),
(472, 'Sprott Shaw College'),
(473, 'Sprott Shaw Language College'),
(474, 'Sprott Shaw Language College (Ontario) Corp.'),
(475, 'St. Augustine’s Seminary of Toronto'),
(476, 'St. Clair College'),
(477, 'St. Clair College at Ace Acumen Academy'),
(478, 'St. George International College'),
(479, 'St. Giles Vancouver'),
(480, 'St. Jerome’s University (University of Waterloo)'),
(481, 'St. Lawrence College'),
(482, 'St. Lawrence College at Alpha College of Business and Technology'),
(483, 'St. Mark’s College'),
(484, 'St. Paul’s University College (University of Waterloo)'),
(485, 'St. Philip’s Seminary / The Oratory of St. Philip Neri-Toronto'),
(486, 'St. Thomas Flight Centre'),
(487, 'Stanford International College of Business and Technology'),
(488, 'Stenberg College'),
(489, 'Sterling College'),
(490, 'Story Institute'),
(491, 'Stratford Air Services Ltd.'),
(492, 'Strava College'),
(493, 'Summit Pacific College'),
(494, 'Sunview College Business Technology Healthcare'),
(495, 'TAHA College of Beauty, Business, Health & Technology'),
(496, 'Tamwood Careers'),
(497, 'Tamwood International College Ltd.'),
(498, 'Tamwood Language Centres'),
(499, 'Taylor Pro Training'),
(500, 'The Aesthetics and Hairstyling College of Canada'),
(501, 'The Audio Recording Academy (T.A.R.A)'),
(502, 'The Automotive Training Centre (Ontario) Ltd.'),
(503, 'The Create Institute'),
(504, 'The Cut Fashion Design Academy'),
(505, 'The Hair Art Academy'),
(506, 'The Institute of Holistic Nutrition'),
(507, 'The Language Gallery'),
(508, 'The Michener Institute for Applied Health Sciences'),
(509, 'The Royal Conservatory of Music'),
(510, 'The School of Toronto Dance Theatre'),
(511, 'Think Tank Training Centre'),
(512, 'Thompson Career College of Health and Business'),
(513, 'Thompson Rivers University'),
(514, 'Thompson Rivers University'),
(515, 'Top Toques Institute of Culinary Excellence'),
(516, 'Torbram College of Business, Technology & Healthcare'),
(517, 'Torchbearers Capernwray Canada Society'),
(518, 'Toronto Airways Inc.'),
(519, 'Toronto Art Therapy Institute'),
(520, 'Toronto Baptist Seminary and Bible College'),
(521, 'Toronto Business College'),
(522, 'Toronto College of Dental Hygiene and Auxiliaries Inc.'),
(523, 'Toronto Economics and Management College'),
(524, 'Toronto Film School'),
(525, 'Toronto Film School at Yorkville University'),
(526, 'Toronto Innovation College'),
(527, 'Toronto Institute of Pharmaceutical Technology'),
(528, 'Toronto International Business College'),
(529, 'Toronto Metropolitan University (TMU)'),
(530, 'Toronto Metropolitan University International College'),
(531, 'Toronto School of Management'),
(532, 'Toronto School of Traditional Chinese Medicine'),
(533, 'Travel College Canada'),
(534, 'Trebas Institute'),
(535, 'Trent University'),
(536, 'Trillium College'),
(537, 'Trillium Esthetic & Hair Technology College'),
(538, 'Trinity Language Centre'),
(539, 'Trinity Western University'),
(540, 'TriOS College Business Technology Healthcare Inc.'),
(541, 'triOS College Business Technology Healthcare Inc. (Scarborough)'),
(542, 'Tyndale University'),
(543, 'Tzu Chi International College of Traditional Chinese Medicine (TCICTCM)'),
(544, 'UMS Healthcare College'),
(545, 'United Pacific College'),
(546, 'Universal Learning Institute'),
(547, 'Université d’Ottawa/University of Ottawa'),
(548, 'Université de Hearst'),
(549, 'Université de l\'Ontario français'),
(550, 'Université Saint-Paul/St. Paul University'),
(551, 'University Canada West'),
(552, 'University of British Columbia (UBC)'),
(553, 'University of Guelph'),
(554, 'University of Niagara Falls Canada'),
(555, 'University of Northern British Columbia'),
(556, 'University of St. Michael’s College'),
(557, 'University of the Fraser Valley'),
(558, 'University of Toronto'),
(559, 'University of Trinity College'),
(560, 'University of Victoria'),
(561, 'University of Waterloo'),
(562, 'University of Windsor'),
(563, 'Upper Highland College of Business and Technology'),
(564, 'Upper Madison College of Advanced Language Learning and Skill Development'),
(565, 'Vancoderm Academy'),
(566, 'Vancouver Academy of Dramatic Arts'),
(567, 'Vancouver Academy of Music'),
(568, 'Vancouver Acting School'),
(569, 'Vancouver Animation School'),
(570, 'Vancouver Art Therapy Institute'),
(571, 'Vancouver Aviation College'),
(572, 'Vancouver Beijing College of Chinese Medicine'),
(573, 'Vancouver Career College (Burnaby) Inc.'),
(574, 'Vancouver College of Counsellor Training'),
(575, 'Vancouver College of Dental Hygiene Inc.'),
(576, 'Vancouver College of Massage Therapy'),
(577, 'Vancouver Community College'),
(578, 'Vancouver Davis College'),
(579, 'Vancouver Film School'),
(580, 'Vancouver Institute of Media Arts (VanArts)'),
(581, 'Vancouver International College'),
(582, 'Vancouver Island College'),
(583, 'Vancouver Island School of Art'),
(584, 'Vancouver Island University'),
(585, 'Vancouver Premier College of Arts and Science'),
(586, 'Vancouver Premier College of Business and Management Ltd'),
(587, 'Vancouver Premier College of Hotel Management'),
(588, 'Vancouver School of Healing Arts'),
(589, 'Vancouver School of Theology'),
(590, 'VanWest College (Kelowna)'),
(591, 'VanWest College (Vancouver)'),
(592, 'VGC International College'),
(593, 'Victoria Academy of Ballet'),
(594, 'Victoria Academy of Dramatic Arts'),
(595, 'Victoria College in Victoria University (University of Toronto)'),
(596, 'Victoria Conservatory of Music'),
(597, 'Victoria Flying Club'),
(598, 'Victoria International College of Business and Technology'),
(599, 'Wales Young Institute'),
(600, 'Waterloo Lutheran Seminary (Wilfred Laurier University)'),
(601, 'Waterloo Wellington Flight Centre'),
(602, 'West Coast College of Massage Therapy'),
(603, 'West Coast Institute for Studies in Anthroposophy'),
(604, 'Westcoast Adventure College'),
(605, 'Western British Columbia Polytechnic College'),
(606, 'Western Community College'),
(607, 'Western Maritime Institute'),
(608, 'Western University'),
(609, 'Westfield English Language School'),
(610, 'Westfield Institute of Technology'),
(611, 'Westminster College'),
(612, 'Whistler Adventure School'),
(613, 'Wilfrid Laurier International College'),
(614, 'Wilfrid Laurier University'),
(615, 'Willis College of Business, Technology, Healthcare'),
(616, 'Willowbank School of Restoration Arts'),
(617, 'Windsong College of Healing Arts'),
(618, 'Windsor Career College'),
(619, 'Winston College'),
(620, 'Word of Life Bible Institute'),
(621, 'World Chinese Medicine and Acupuncture College'),
(622, 'Wycliffe College'),
(623, 'York College of Applied Studies'),
(624, 'York Construction Academy'),
(625, 'York Entrepreneurship Development Institute (YEDI)'),
(626, 'York University'),
(627, 'Yorkville University');

--
-- Indexes for dumped tables
--

--
-- Indexes for table `cities`
--
ALTER TABLE `cities`
  ADD PRIMARY KEY (`city_id`);

--
-- Indexes for table `countries`
--
ALTER TABLE `countries`
  ADD PRIMARY KEY (`id`);

--
-- Indexes for table `field_of_study`
--
ALTER TABLE `field_of_study`
  ADD PRIMARY KEY (`field_study_id`);

--
-- Indexes for table `industries`
--
ALTER TABLE `industries`
  ADD PRIMARY KEY (`industry_id`);

--
-- Indexes for table `noc`
--
ALTER TABLE `noc`
  ADD PRIMARY KEY (`noc_id`);

--
-- Indexes for table `sellers`
--
ALTER TABLE `sellers`
  ADD PRIMARY KEY (`seller_id`),
  ADD UNIQUE KEY `seller_id` (`seller_id`);

--
-- Indexes for table `seller_canadian_education`
--
ALTER TABLE `seller_canadian_education`
  ADD PRIMARY KEY (`s_can_edu_id`);

--
-- Indexes for table `seller_career`
--
ALTER TABLE `seller_career`
  ADD PRIMARY KEY (`seller_career_id`);

--
-- Indexes for table `seller_core_skills`
--
ALTER TABLE `seller_core_skills`
  ADD PRIMARY KEY (`s_core_skill_id`);

--
-- Indexes for table `seller_experience_data`
--
ALTER TABLE `seller_experience_data`
  ADD PRIMARY KEY (`seller_experience_id`);

--
-- Indexes for table `seller_global_education`
--
ALTER TABLE `seller_global_education`
  ADD PRIMARY KEY (`seller_global_education_id`);

--
-- Indexes for table `seller_messages`
--
ALTER TABLE `seller_messages`
  ADD PRIMARY KEY (`s_msg_id`);

--
-- Indexes for table `seller_personal_information`
--
ALTER TABLE `seller_personal_information`
  ADD PRIMARY KEY (`p_info_id`);

--
-- Indexes for table `seller_sub_skills`
--
ALTER TABLE `seller_sub_skills`
  ADD PRIMARY KEY (`seller_s_skill_id`);

--
-- Indexes for table `skills`
--
ALTER TABLE `skills`
  ADD PRIMARY KEY (`skill_id`);

--
-- Indexes for table `universities`
--
ALTER TABLE `universities`
  ADD PRIMARY KEY (`university_id`);

--
-- AUTO_INCREMENT for dumped tables
--

--
-- AUTO_INCREMENT for table `cities`
--
ALTER TABLE `cities`
  MODIFY `city_id` int(11) NOT NULL AUTO_INCREMENT, AUTO_INCREMENT=184;

--
-- AUTO_INCREMENT for table `countries`
--
ALTER TABLE `countries`
  MODIFY `id` int(11) NOT NULL AUTO_INCREMENT, AUTO_INCREMENT=198;

--
-- AUTO_INCREMENT for table `field_of_study`
--
ALTER TABLE `field_of_study`
  MODIFY `field_study_id` int(11) NOT NULL AUTO_INCREMENT, AUTO_INCREMENT=920;

--
-- AUTO_INCREMENT for table `industries`
--
ALTER TABLE `industries`
  MODIFY `industry_id` int(11) NOT NULL AUTO_INCREMENT, AUTO_INCREMENT=19;

--
-- AUTO_INCREMENT for table `noc`
--
ALTER TABLE `noc`
  MODIFY `noc_id` int(11) NOT NULL AUTO_INCREMENT, AUTO_INCREMENT=271;

--
-- AUTO_INCREMENT for table `sellers`
--
ALTER TABLE `sellers`
  MODIFY `seller_id` int(11) NOT NULL AUTO_INCREMENT, AUTO_INCREMENT=5;

--
-- AUTO_INCREMENT for table `seller_canadian_education`
--
ALTER TABLE `seller_canadian_education`
  MODIFY `s_can_edu_id` int(11) NOT NULL AUTO_INCREMENT, AUTO_INCREMENT=3;

--
-- AUTO_INCREMENT for table `seller_career`
--
ALTER TABLE `seller_career`
  MODIFY `seller_career_id` int(11) NOT NULL AUTO_INCREMENT, AUTO_INCREMENT=3;

--
-- AUTO_INCREMENT for table `seller_core_skills`
--
ALTER TABLE `seller_core_skills`
  MODIFY `s_core_skill_id` int(11) NOT NULL AUTO_INCREMENT, AUTO_INCREMENT=6;

--
-- AUTO_INCREMENT for table `seller_experience_data`
--
ALTER TABLE `seller_experience_data`
  MODIFY `seller_experience_id` int(11) NOT NULL AUTO_INCREMENT, AUTO_INCREMENT=4;

--
-- AUTO_INCREMENT for table `seller_global_education`
--
ALTER TABLE `seller_global_education`
  MODIFY `seller_global_education_id` int(11) NOT NULL AUTO_INCREMENT, AUTO_INCREMENT=3;

--
-- AUTO_INCREMENT for table `seller_messages`
--
ALTER TABLE `seller_messages`
  MODIFY `s_msg_id` int(11) NOT NULL AUTO_INCREMENT, AUTO_INCREMENT=4;

--
-- AUTO_INCREMENT for table `seller_personal_information`
--
ALTER TABLE `seller_personal_information`
  MODIFY `p_info_id` int(11) NOT NULL AUTO_INCREMENT, AUTO_INCREMENT=3;

--
-- AUTO_INCREMENT for table `seller_sub_skills`
--
ALTER TABLE `seller_sub_skills`
  MODIFY `seller_s_skill_id` int(11) NOT NULL AUTO_INCREMENT, AUTO_INCREMENT=11;

--
-- AUTO_INCREMENT for table `skills`
--
ALTER TABLE `skills`
  MODIFY `skill_id` int(11) NOT NULL AUTO_INCREMENT, AUTO_INCREMENT=248;

--
-- AUTO_INCREMENT for table `universities`
--
ALTER TABLE `universities`
  MODIFY `university_id` int(11) NOT NULL AUTO_INCREMENT, AUTO_INCREMENT=628;
COMMIT;

/*!40101 SET CHARACTER_SET_CLIENT=@OLD_CHARACTER_SET_CLIENT */;
/*!40101 SET CHARACTER_SET_RESULTS=@OLD_CHARACTER_SET_RESULTS */;
/*!40101 SET COLLATION_CONNECTION=@OLD_COLLATION_CONNECTION */;
